Date,Open,High,Low,Close,Adj,Volume
31 Dec 2024,0.0890,0.0900,0.0870,0.0890,0.0890,"1,745,400"
30 Dec 2024,0.0900,0.0900,0.0870,0.0890,0.0890,"2,782,600"
27 Dec 2024,0.0920,0.0930,0.0890,0.0900,0.0900,"4,026,000"
26 Dec 2024,0.0920,0.0940,0.0910,0.0930,0.0930,"3,978,500"
24 Dec 2024,0.0900,0.0930,0.0900,0.0920,0.0920,"3,833,900"
23 Dec 2024,0.0910,0.0920,0.0900,0.0900,0.0900,"6,264,500"
20 Dec 2024,0.0920,0.0920,0.0880,0.0900,0.0900,"4,548,800"
19 Dec 2024,0.0950,0.0950,0.0920,0.0930,0.0930,"4,992,400"
18 Dec 2024,0.0980,0.1000,0.0960,0.0980,0.0980,"2,777,200"
17 Dec 2024,0.0990,0.1020,0.0970,0.0980,0.0980,"6,189,000"
16 Dec 2024,0.0990,0.1000,0.0990,0.0990,0.0990,"1,759,600"
13 Dec 2024,0.1000,0.1010,0.0980,0.0990,0.0990,"3,604,400"
12 Dec 2024,0.1020,0.1030,0.1000,0.1000,0.1000,"2,086,400"
11 Dec 2024,0.1030,0.1040,0.1010,0.1020,0.1020,"4,622,400"
10 Dec 2024,0.1020,0.1050,0.1010,0.1050,0.1050,"2,211,800"
9 Dec 2024,0.1050,0.1070,0.1010,0.1020,0.1020,"3,573,300"
6 Dec 2024,0.1060,0.1070,0.1040,0.1040,0.1040,"3,183,300"
5 Dec 2024,0.1020,0.1070,0.1020,0.1060,0.1060,"6,004,700"
4 Dec 2024,0.1040,0.1040,0.0990,0.1020,0.1020,"2,657,000"
3 Dec 2024,0.1050,0.1060,0.1030,0.1040,0.1040,"2,439,900"
2 Dec 2024,0.1030,0.1090,0.1030,0.1060,0.1060,"5,536,000"
29 Nov 2024,0.1040,0.1040,0.1030,0.1030,0.1030,"2,124,900"
28 Nov 2024,0.1020,0.1050,0.1020,0.1030,0.1030,"5,461,000"
27 Nov 2024,0.0950,0.1040,0.0950,0.1010,0.1010,"8,532,700"
26 Nov 2024,0.0980,0.1040,0.0950,0.0950,0.0950,"2,281,068"
25 Nov 2024,0.1000,0.1030,0.0980,0.1000,0.1000,"2,769,100"
22 Nov 2024,0.1030,0.1060,0.1000,0.1010,0.1010,"3,204,000"
21 Nov 2024,0.0960,0.1060,0.0920,0.1030,0.1030,"14,176,300"
20 Nov 2024,0.0830,0.0960,0.0830,0.0950,0.0950,"8,112,000"
19 Nov 2024,0.0810,0.0840,0.0810,0.0820,0.0820,"2,897,500"
18 Nov 2024,0.0850,0.0850,0.0800,0.0810,0.0810,"4,202,000"
15 Nov 2024,0.0850,0.0880,0.0850,0.0850,0.0850,"2,251,600"
14 Nov 2024,0.0870,0.0890,0.0850,0.0850,0.0850,"6,665,100"
13 Nov 2024,0.0920,0.0920,0.0860,0.0860,0.0860,"3,047,200"
12 Nov 2024,0.0890,0.0940,0.0890,0.0920,0.0920,"2,891,000"
11 Nov 2024,0.0990,0.0990,0.0890,0.0890,0.0890,"7,669,700"
8 Nov 2024,0.1010,0.1060,0.0970,0.0970,0.0970,"5,140,500"
7 Nov 2024,0.1090,0.1090,0.1000,0.1010,0.1010,"8,764,700"
6 Nov 2024,0.1100,0.1110,0.1080,0.1090,0.1090,"4,425,200"
5 Nov 2024,0.1110,0.1120,0.1090,0.1090,0.1090,"3,703,200"
4 Nov 2024,0.1130,0.1130,0.1110,0.1110,0.1110,"1,058,600"
1 Nov 2024,0.1110,0.1130,0.1110,0.1120,0.1120,"1,094,900"
30 Oct 2024,0.1130,0.1150,0.1110,0.1120,0.1120,"4,943,800"
29 Oct 2024,0.1120,0.1140,0.1120,0.1140,0.1140,"1,517,200"
28 Oct 2024,0.1130,0.1140,0.1110,0.1130,0.1130,"1,660,700"
25 Oct 2024,0.1140,0.1170,0.1130,0.1140,0.1140,"4,435,900"
24 Oct 2024,0.1130,0.1150,0.1110,0.1140,0.1140,"5,473,800"
23 Oct 2024,0.1140,0.1160,0.1130,0.1130,0.1130,"3,434,300"
22 Oct 2024,0.1150,0.1170,0.1140,0.1140,0.1140,"1,973,300"
21 Oct 2024,0.1180,0.1180,0.1150,0.1160,0.1160,"2,427,900"
18 Oct 2024,0.1180,0.1190,0.1170,0.1170,0.1170,"2,050,700"
17 Oct 2024,0.1210,0.1220,0.1170,0.1190,0.1190,"7,747,300"
16 Oct 2024,0.1200,0.1220,0.1200,0.1210,0.1210,"4,033,400"
15 Oct 2024,0.1200,0.1230,0.1190,0.1200,0.1200,"5,556,900"
14 Oct 2024,0.1220,0.1220,0.1190,0.1200,0.1200,"1,237,600"
11 Oct 2024,0.1220,0.1220,0.1190,0.1200,0.1200,"6,090,100"
10 Oct 2024,0.1190,0.1220,0.1190,0.1220,0.1220,"11,761,100"
9 Oct 2024,0.1130,0.1200,0.1130,0.1180,0.1180,"13,462,500"
8 Oct 2024,0.1140,0.1140,0.1120,0.1120,0.1120,"3,573,800"
7 Oct 2024,0.1160,0.1170,0.1140,0.1140,0.1140,"4,359,300"
4 Oct 2024,0.1100,0.1160,0.1070,0.1150,0.1150,"9,885,700"
3 Oct 2024,0.1140,0.1140,0.1100,0.1110,0.1110,"5,196,700"
2 Oct 2024,0.1150,0.1160,0.1130,0.1140,0.1140,"5,301,600"
1 Oct 2024,0.1260,0.1260,0.1140,0.1160,0.1160,"18,651,300"
30 Sept 2024,0.1280,0.1280,0.1240,0.1240,0.1240,"7,973,200"
27 Sept 2024,0.1250,0.1260,0.1240,0.1240,0.1240,"4,385,500"
26 Sept 2024,0.1240,0.1290,0.1230,0.1250,0.1250,"10,144,200"
25 Sept 2024,0.1270,0.1300,0.1230,0.1240,0.1240,"9,502,100"
24 Sept 2024,0.1220,0.1290,0.1220,0.1270,0.1270,"15,260,500"
23 Sept 2024,0.1260,0.1270,0.1200,0.1210,0.1210,"14,139,800"
20 Sept 2024,0.1310,0.1330,0.1250,0.1250,0.1250,"17,854,200"
19 Sept 2024,0.1260,0.1360,0.1250,0.1280,0.1280,"34,156,200"
18 Sept 2024,0.1170,0.1300,0.1150,0.1240,0.1240,"40,084,900"
17 Sept 2024,0.1070,0.1180,0.1060,0.1180,0.1180,"27,119,600"
16 Sept 2024,0.1070,0.1080,0.1050,0.1070,0.1070,"5,831,100"
13 Sept 2024,0.1020,0.1070,0.1020,0.1050,0.1050,"10,452,800"
12 Sept 2024,0.1010,0.1030,0.1000,0.1020,0.1020,"4,248,500"
11 Sept 2024,0.0990,0.1010,0.0970,0.1000,0.1000,"3,440,200"
10 Sept 2024,0.0980,0.1000,0.0970,0.0980,0.0980,"4,852,400"
9 Sept 2024,0.1000,0.1010,0.0940,0.0960,0.0960,"6,123,000"
6 Sept 2024,0.1020,0.1020,0.1000,0.1000,0.1000,"5,474,200"
5 Sept 2024,0.1010,0.1050,0.1010,0.1010,0.1010,"6,745,800"
4 Sept 2024,0.1010,0.1030,0.1000,0.1020,0.1020,"10,876,500"
3 Sept 2024,0.1070,0.1070,0.1010,0.1040,0.1040,"7,684,200"
2 Sept 2024,0.0990,0.1080,0.0990,0.1060,0.1060,"15,825,900"
30 Aug 2024,0.0960,0.1010,0.0960,0.0990,0.0990,"18,183,200"
29 Aug 2024,0.0910,0.0960,0.0910,0.0950,0.0950,"11,541,100"
28 Aug 2024,0.0870,0.0940,0.0870,0.0910,0.0910,"11,596,800"
27 Aug 2024,0.0880,0.0900,0.0860,0.0870,0.0870,"3,809,800"
26 Aug 2024,0.0810,0.0910,0.0810,0.0880,0.0880,"29,520,900"
23 Aug 2024,0.0790,0.0800,0.0770,0.0800,0.0800,"4,085,600"
22 Aug 2024,0.0770,0.0800,0.0770,0.0790,0.0790,"5,006,700"
21 Aug 2024,0.0770,0.0770,0.0760,0.0760,0.0760,"1,751,600"
20 Aug 2024,0.0760,0.0780,0.0760,0.0770,0.0770,"2,389,000"
19 Aug 2024,0.0750,0.0770,0.0750,0.0750,0.0750,"2,582,300"
16 Aug 2024,0.0750,0.0770,0.0750,0.0750,0.0750,"1,550,400"
15 Aug 2024,0.0740,0.0770,0.0730,0.0750,0.0750,"10,327,400"
14 Aug 2024,0.0750,0.0760,0.0730,0.0740,0.0740,"2,672,500"
13 Aug 2024,0.0740,0.0760,0.0740,0.0760,0.0760,"4,477,300"
12 Aug 2024,0.0740,0.0760,0.0740,0.0740,0.0740,"4,090,700"
8 Aug 2024,0.0740,0.0740,0.0720,0.0740,0.0740,"3,058,400"
7 Aug 2024,0.0730,0.0770,0.0730,0.0740,0.0740,"11,926,900"
6 Aug 2024,0.0720,0.0750,0.0710,0.0730,0.0730,"9,162,400"
5 Aug 2024,0.0770,0.0780,0.0700,0.0700,0.0700,"14,176,800"
2 Aug 2024,0.0790,0.0810,0.0770,0.0780,0.0780,"12,135,700"
1 Aug 2024,0.0810,0.0820,0.0790,0.0790,0.0790,"6,484,400"
31 Jul 2024,0.0800,0.0820,0.0790,0.0810,0.0810,"7,959,200"
30 Jul 2024,0.0800,0.0810,0.0790,0.0800,0.0800,"6,304,300"
29 Jul 2024,0.0810,0.0820,0.0790,0.0810,0.0810,"17,741,800"
26 Jul 2024,0.0780,0.0800,0.0780,0.0790,0.0790,"4,683,000"
25 Jul 2024,0.0760,0.0790,0.0760,0.0770,0.0770,"3,918,500"
24 Jul 2024,0.0790,0.0810,0.0760,0.0770,0.0770,"9,137,500"
23 Jul 2024,0.0820,0.0840,0.0790,0.0790,0.0790,"15,375,100"
22 Jul 2024,0.0780,0.0830,0.0770,0.0810,0.0810,"14,510,500"
19 Jul 2024,0.0790,0.0800,0.0760,0.0770,0.0770,"9,389,600"
18 Jul 2024,0.0830,0.0850,0.0800,0.0800,0.0800,"20,978,300"
17 Jul 2024,0.0750,0.0830,0.0750,0.0830,0.0830,"38,433,600"
16 Jul 2024,0.0750,0.0760,0.0730,0.0740,0.0740,"4,432,400"
15 Jul 2024,0.0720,0.0760,0.0720,0.0750,0.0750,"12,651,500"
12 Jul 2024,0.0680,0.0740,0.0670,0.0720,0.0720,"19,164,800"
11 Jul 2024,0.0630,0.0680,0.0630,0.0670,0.0670,"3,053,100"
10 Jul 2024,0.0640,0.0650,0.0620,0.0630,0.0630,"1,451,900"
9 Jul 2024,0.0650,0.0650,0.0630,0.0640,0.0640,"584,600"
8 Jul 2024,0.0640,0.0650,0.0620,0.0650,0.0650,"991,500"
5 Jul 2024,0.0630,0.0640,0.0630,0.0640,0.0640,"538,800"
4 Jul 2024,0.0620,0.0650,0.0620,0.0640,0.0640,"1,556,700"
3 Jul 2024,0.0620,0.0630,0.0610,0.0620,0.0620,"1,544,900"
2 Jul 2024,0.0620,0.0630,0.0620,0.0620,0.0620,"280,700"
1 Jul 2024,0.0630,0.0640,0.0620,0.0620,0.0620,"700,900"
28 Jun 2024,0.0620,0.0660,0.0620,0.0640,0.0640,"1,236,200"
27 Jun 2024,0.0660,0.0660,0.0620,0.0650,0.0650,"2,476,700"
26 Jun 2024,0.0660,0.0670,0.0650,0.0660,0.0660,"673,400"
25 Jun 2024,0.0660,0.0670,0.0660,0.0660,0.0660,"486,400"
24 Jun 2024,0.0660,0.0670,0.0650,0.0660,0.0660,"1,156,400"
21 Jun 2024,0.0670,0.0690,0.0660,0.0660,0.0660,"4,273,400"
20 Jun 2024,0.0680,0.0690,0.0670,0.0670,0.0670,"1,595,800"
19 Jun 2024,0.0670,0.0690,0.0670,0.0680,0.0680,"1,420,400"
18 Jun 2024,0.0680,0.0700,0.0670,0.0690,0.0690,"1,991,100"
14 Jun 2024,0.0690,0.0700,0.0680,0.0680,0.0680,"711,700"
13 Jun 2024,0.0690,0.0710,0.0680,0.0700,0.0700,"3,791,000"
12 Jun 2024,0.0680,0.0690,0.0670,0.0670,0.0670,"1,834,400"
11 Jun 2024,0.0690,0.0700,0.0680,0.0680,0.0680,"2,045,700"
10 Jun 2024,0.0690,0.0700,0.0670,0.0700,0.0700,"2,267,500"
7 Jun 2024,0.0680,0.0700,0.0680,0.0690,0.0690,"1,869,100"
6 Jun 2024,0.0700,0.0710,0.0680,0.0690,0.0690,"6,285,700"
5 Jun 2024,0.0690,0.0700,0.0680,0.0700,0.0700,"423,200"
4 Jun 2024,0.0700,0.0700,0.0680,0.0690,0.0690,"761,300"
3 Jun 2024,0.0690,0.0700,0.0680,0.0700,0.0700,"2,102,600"
31 May 2024,0.0680,0.0690,0.0660,0.0680,0.0680,"1,799,300"
30 May 2024,0.0690,0.0690,0.0680,0.0680,0.0680,"544,300"
29 May 2024,0.0700,0.0700,0.0680,0.0700,0.0700,"1,252,800"
28 May 2024,0.0690,0.0700,0.0680,0.0700,0.0700,"1,499,000"
27 May 2024,0.0690,0.0700,0.0680,0.0700,0.0700,"859,400"
24 May 2024,0.0690,0.0700,0.0680,0.0690,0.0690,"1,371,500"
23 May 2024,0.0710,0.0710,0.0680,0.0690,0.0690,"2,308,100"
21 May 2024,0.0700,0.0720,0.0700,0.0710,0.0710,"2,016,900"
20 May 2024,0.0690,0.0720,0.0680,0.0710,0.0710,"2,308,000"
17 May 2024,0.0710,0.0710,0.0690,0.0690,0.0690,"3,458,000"
16 May 2024,0.0710,0.0730,0.0710,0.0710,0.0710,"11,078,300"
15 May 2024,0.0690,0.0700,0.0680,0.0700,0.0700,"747,000"
14 May 2024,0.0690,0.0700,0.0680,0.0680,0.0680,"1,262,500"
13 May 2024,0.0690,0.0690,0.0680,0.0680,0.0680,"2,705,700"
10 May 2024,0.0690,0.0720,0.0690,0.0690,0.0690,"3,590,600"
9 May 2024,0.0690,0.0700,0.0690,0.0690,0.0690,"1,675,800"
8 May 2024,0.0690,0.0700,0.0690,0.0690,0.0690,"3,498,800"
7 May 2024,0.0710,0.0720,0.0690,0.0700,0.0700,"1,501,300"
6 May 2024,0.0720,0.0720,0.0700,0.0700,0.0700,"4,423,100"
3 May 2024,0.0710,0.0720,0.0680,0.0690,0.0690,"5,475,100"
2 May 2024,0.0710,0.0720,0.0700,0.0700,0.0700,"1,611,600"
30 Apr 2024,0.0690,0.0720,0.0690,0.0720,0.0720,"3,597,200"
29 Apr 2024,0.0690,0.0710,0.0670,0.0690,0.0690,"1,428,000"
26 Apr 2024,0.0700,0.0700,0.0690,0.0690,0.0690,"749,600"
25 Apr 2024,0.0730,0.0740,0.0680,0.0710,0.0710,"3,999,300"
24 Apr 2024,0.0710,0.0750,0.0710,0.0740,0.0740,"5,465,600"
23 Apr 2024,0.0660,0.0710,0.0660,0.0710,0.0710,"6,293,900"
22 Apr 2024,0.0650,0.0660,0.0640,0.0660,0.0660,"2,553,800"
19 Apr 2024,0.0660,0.0670,0.0640,0.0660,0.0660,"3,305,600"
18 Apr 2024,0.0670,0.0690,0.0660,0.0670,0.0670,"1,807,800"
17 Apr 2024,0.0660,0.0690,0.0660,0.0680,0.0680,"1,633,300"
16 Apr 2024,0.0690,0.0690,0.0650,0.0670,0.0670,"5,165,500"
15 Apr 2024,0.0700,0.0710,0.0680,0.0690,0.0690,"3,075,600"
12 Apr 2024,0.0730,0.0740,0.0710,0.0710,0.0710,"4,878,200"
11 Apr 2024,0.0700,0.0730,0.0690,0.0720,0.0720,"3,844,600"
9 Apr 2024,0.0720,0.0740,0.0720,0.0720,0.0720,"2,333,600"
8 Apr 2024,0.0730,0.0740,0.0720,0.0720,0.0720,"4,183,600"
5 Apr 2024,0.0730,0.0760,0.0720,0.0740,0.0740,"4,955,000"
4 Apr 2024,0.0760,0.0780,0.0730,0.0740,0.0740,"3,974,700"
3 Apr 2024,0.0720,0.0770,0.0720,0.0760,0.0760,"10,205,200"
2 Apr 2024,0.0770,0.0770,0.0720,0.0720,0.0720,"6,552,700"
1 Apr 2024,0.0770,0.0800,0.0750,0.0780,0.0780,"7,600,600"
28 Mar 2024,0.0790,0.0800,0.0760,0.0770,0.0770,"8,541,700"
27 Mar 2024,0.0770,0.0810,0.0770,0.0780,0.0780,"14,029,800"
26 Mar 2024,0.0760,0.0790,0.0750,0.0770,0.0770,"12,026,300"
25 Mar 2024,0.0660,0.0770,0.0660,0.0750,0.0750,"12,086,900"
22 Mar 2024,0.0660,0.0690,0.0650,0.0670,0.0670,"8,221,800"
21 Mar 2024,0.0580,0.0680,0.0580,0.0640,0.0640,"15,772,400"
20 Mar 2024,0.0560,0.0570,0.0550,0.0560,0.0560,"1,694,100"
19 Mar 2024,0.0570,0.0580,0.0560,0.0560,0.0560,"1,681,800"
18 Mar 2024,0.0590,0.0590,0.0560,0.0570,0.0570,"2,468,400"
15 Mar 2024,0.0600,0.0600,0.0570,0.0600,0.0600,"6,779,500"
14 Mar 2024,0.0600,0.0610,0.0580,0.0600,0.0600,"1,801,000"
13 Mar 2024,0.0580,0.0610,0.0570,0.0610,0.0610,"4,009,100"
12 Mar 2024,0.0600,0.0600,0.0580,0.0590,0.0590,"1,946,400"
11 Mar 2024,0.0600,0.0620,0.0580,0.0590,0.0590,"5,916,600"
8 Mar 2024,0.0560,0.0610,0.0560,0.0600,0.0600,"7,850,500"
7 Mar 2024,0.0550,0.0560,0.0550,0.0560,0.0560,"2,234,500"
6 Mar 2024,0.0540,0.0560,0.0540,0.0560,0.0560,"858,300"
5 Mar 2024,0.0550,0.0560,0.0540,0.0540,0.0540,"2,384,200"
4 Mar 2024,0.0570,0.0580,0.0550,0.0550,0.0550,"1,580,600"
1 Mar 2024,0.0550,0.0570,0.0550,0.0570,0.0570,"1,655,600"
29 Feb 2024,0.0570,0.0570,0.0550,0.0550,0.0550,"2,966,700"
28 Feb 2024,0.0570,0.0580,0.0560,0.0560,0.0560,"2,337,800"
27 Feb 2024,0.0580,0.0580,0.0560,0.0570,0.0570,"2,128,300"
26 Feb 2024,0.0570,0.0590,0.0570,0.0590,0.0590,"1,506,700"
23 Feb 2024,0.0580,0.0590,0.0570,0.0570,0.0570,"3,348,200"
22 Feb 2024,0.0590,0.0640,0.0580,0.0600,0.0600,"13,182,100"
21 Feb 2024,0.0550,0.0570,0.0540,0.0560,0.0560,"2,849,600"
20 Feb 2024,0.0570,0.0570,0.0550,0.0550,0.0550,"3,306,600"
19 Feb 2024,0.0580,0.0580,0.0560,0.0570,0.0570,"2,141,600"
16 Feb 2024,0.0550,0.0580,0.0540,0.0570,0.0570,"8,441,900"
15 Feb 2024,0.0580,0.0580,0.0540,0.0560,0.0560,"11,542,500"
14 Feb 2024,0.0600,0.0600,0.0580,0.0600,0.0600,"3,258,100"
13 Feb 2024,0.0600,0.0620,0.0580,0.0600,0.0600,"6,823,900"
9 Feb 2024,0.0590,0.0600,0.0590,0.0590,0.0590,"1,216,500"
8 Feb 2024,0.0570,0.0610,0.0570,0.0600,0.0600,"4,396,500"
7 Feb 2024,0.0570,0.0590,0.0570,0.0590,0.0590,"5,034,400"
6 Feb 2024,0.0580,0.0580,0.0560,0.0560,0.0560,"8,899,300"
5 Feb 2024,0.0590,0.0600,0.0580,0.0580,0.0580,"2,349,500"
2 Feb 2024,0.0590,0.0620,0.0590,0.0600,0.0600,"3,452,100"
1 Feb 2024,0.0600,0.0610,0.0580,0.0590,0.0590,"3,843,400"
31 Jan 2024,0.0640,0.0640,0.0570,0.0600,0.0600,"15,211,200"
30 Jan 2024,0.0630,0.0660,0.0620,0.0640,0.0640,"4,967,900"
29 Jan 2024,0.0650,0.0660,0.0620,0.0630,0.0630,"5,044,400"
26 Jan 2024,0.0640,0.0670,0.0640,0.0650,0.0650,"4,525,300"
25 Jan 2024,0.0670,0.0680,0.0650,0.0650,0.0650,"8,363,500"
24 Jan 2024,0.0680,0.0680,0.0660,0.0670,0.0670,"10,351,100"
23 Jan 2024,0.0640,0.0680,0.0640,0.0660,0.0660,"7,309,500"
22 Jan 2024,0.0680,0.0690,0.0640,0.0640,0.0640,"9,427,500"
19 Jan 2024,0.0700,0.0700,0.0680,0.0680,0.0680,"2,267,300"
18 Jan 2024,0.0690,0.0700,0.0680,0.0690,0.0690,"5,531,500"
17 Jan 2024,0.0700,0.0710,0.0670,0.0690,0.0690,"10,770,300"
16 Jan 2024,0.0750,0.0770,0.0690,0.0700,0.0700,"24,604,000"
15 Jan 2024,0.0790,0.0790,0.0740,0.0750,0.0750,"14,560,300"
12 Jan 2024,0.0790,0.0800,0.0780,0.0790,0.0790,"7,160,800"
11 Jan 2024,0.0790,0.0800,0.0780,0.0790,0.0790,"6,998,300"
10 Jan 2024,0.0790,0.0800,0.0780,0.0790,0.0790,"4,549,000"
9 Jan 2024,0.0770,0.0800,0.0770,0.0790,0.0790,"18,909,500"
8 Jan 2024,0.0780,0.0790,0.0760,0.0770,0.0770,"9,211,600"
5 Jan 2024,0.0770,0.0800,0.0760,0.0780,0.0780,"14,292,200"
4 Jan 2024,0.0800,0.0800,0.0760,0.0780,0.0780,"12,071,000"
3 Jan 2024,0.0810,0.0820,0.0800,0.0800,0.0800,"4,228,100"
2 Jan 2024,0.0800,0.0830,0.0800,0.0820,0.0820,"16,039,200"
29 Dec 2023,0.0800,0.0810,0.0790,0.0800,0.0800,"7,932,100"
28 Dec 2023,0.0790,0.0820,0.0780,0.0800,0.0800,"24,828,700"
27 Dec 2023,0.0760,0.0810,0.0750,0.0780,0.0780,"20,329,200"
26 Dec 2023,0.0770,0.0780,0.0750,0.0750,0.0750,"9,199,800"
22 Dec 2023,0.0790,0.0790,0.0740,0.0770,0.0770,"11,489,800"
21 Dec 2023,0.0780,0.0790,0.0760,0.0780,0.0780,"13,014,900"
20 Dec 2023,0.0800,0.0820,0.0780,0.0780,0.0780,"21,525,700"
19 Dec 2023,0.0790,0.0820,0.0750,0.0800,0.0800,"27,542,200"
18 Dec 2023,0.0840,0.0840,0.0790,0.0800,0.0800,"17,919,000"
15 Dec 2023,0.0840,0.0890,0.0790,0.0830,0.0830,"65,564,000"
14 Dec 2023,0.0700,0.0780,0.0700,0.0780,0.0780,"33,300,000"
13 Dec 2023,0.0700,0.0700,0.0610,0.0670,0.0670,"54,579,100"
12 Dec 2023,0.0700,0.0720,0.0690,0.0700,0.0700,"14,972,800"
11 Dec 2023,0.0700,0.0730,0.0680,0.0700,0.0700,"21,463,400"
8 Dec 2023,0.0650,0.0700,0.0640,0.0700,0.0700,"29,833,500"
7 Dec 2023,0.0710,0.0770,0.0630,0.0640,0.0640,"57,496,900"
6 Dec 2023,0.0580,0.0730,0.0580,0.0720,0.0720,"43,072,000"
5 Dec 2023,0.0590,0.0600,0.0570,0.0590,0.0590,"17,851,000"
4 Dec 2023,0.0600,0.0620,0.0570,0.0590,0.0590,"22,534,000"
1 Dec 2023,0.0530,0.0620,0.0530,0.0580,0.0580,"39,939,200"
30 Nov 2023,0.0750,0.0750,0.0520,0.0520,0.0520,"109,452,300"
29 Nov 2023,0.0910,0.0910,0.0910,0.0910,0.0910,-
28 Nov 2023,0.0930,0.0970,0.0900,0.0910,0.0910,"16,000,200"
27 Nov 2023,0.0980,0.1000,0.0920,0.0930,0.0930,"12,539,400"
24 Nov 2023,0.0980,0.1000,0.0960,0.0980,0.0980,"11,885,900"
23 Nov 2023,0.1030,0.1040,0.0970,0.0980,0.0980,"15,262,700"
22 Nov 2023,0.1010,0.1050,0.1000,0.1030,0.1030,"12,653,400"
21 Nov 2023,0.1020,0.1050,0.1000,0.1020,0.1020,"37,699,500"
20 Nov 2023,0.0960,0.1020,0.0940,0.1020,0.1020,"51,169,200"
17 Nov 2023,0.0930,0.0960,0.0900,0.0950,0.0950,"25,688,200"
16 Nov 2023,0.0930,0.0980,0.0880,0.0930,0.0930,"40,189,800"
15 Nov 2023,0.0910,0.0960,0.0890,0.0940,0.0940,"43,920,100"
14 Nov 2023,0.0780,0.0860,0.0780,0.0830,0.0830,"15,405,100"
10 Nov 2023,0.0770,0.0820,0.0740,0.0790,0.0790,"15,820,400"
9 Nov 2023,0.0860,0.0860,0.0750,0.0780,0.0780,"15,426,600"
8 Nov 2023,0.0850,0.0900,0.0800,0.0860,0.0860,"25,756,200"
7 Nov 2023,0.0760,0.0930,0.0710,0.0840,0.0840,"54,308,600"
6 Nov 2023,0.0630,0.0770,0.0620,0.0750,0.0750,"57,928,500"
3 Nov 2023,0.0540,0.0590,0.0540,0.0580,0.0580,"19,561,100"
2 Nov 2023,0.0500,0.0540,0.0490,0.0530,0.0530,"15,247,700"
1 Nov 2023,0.0510,0.0510,0.0490,0.0490,0.0490,"5,431,900"
31 Oct 2023,0.0510,0.0510,0.0490,0.0500,0.0500,"6,124,900"
30 Oct 2023,0.0500,0.0520,0.0490,0.0510,0.0510,"3,476,600"
27 Oct 2023,0.0520,0.0520,0.0490,0.0500,0.0500,"5,845,100"
26 Oct 2023,0.0510,0.0520,0.0500,0.0520,0.0520,"3,968,800"
25 Oct 2023,0.0520,0.0530,0.0510,0.0510,0.0510,"3,585,100"
24 Oct 2023,0.0540,0.0540,0.0520,0.0530,0.0530,"3,171,000"
23 Oct 2023,0.0500,0.0530,0.0500,0.0530,0.0530,"4,558,700"
20 Oct 2023,0.0490,0.0520,0.0490,0.0500,0.0500,"3,438,900"
19 Oct 2023,0.0500,0.0510,0.0480,0.0490,0.0490,"4,949,900"
18 Oct 2023,0.0510,0.0520,0.0500,0.0500,0.0500,"5,003,700"
17 Oct 2023,0.0510,0.0520,0.0500,0.0510,0.0510,"2,369,400"
16 Oct 2023,0.0530,0.0540,0.0500,0.0510,0.0510,"5,990,600"
13 Oct 2023,0.0550,0.0550,0.0530,0.0530,0.0530,"3,246,800"
12 Oct 2023,0.0570,0.0580,0.0550,0.0560,0.0560,"4,543,800"
11 Oct 2023,0.0520,0.0570,0.0520,0.0570,0.0570,"9,509,100"
10 Oct 2023,0.0510,0.0530,0.0510,0.0520,0.0520,"3,355,000"
9 Oct 2023,0.0530,0.0570,0.0490,0.0500,0.0500,"10,752,100"
6 Oct 2023,0.0520,0.0540,0.0500,0.0530,0.0530,"3,598,700"
5 Oct 2023,0.0560,0.0580,0.0500,0.0520,0.0520,"7,531,900"
4 Oct 2023,0.0580,0.0590,0.0540,0.0550,0.0550,"6,207,100"
3 Oct 2023,0.0640,0.0640,0.0600,0.0610,0.0610,"7,297,400"
2 Oct 2023,0.0570,0.0670,0.0550,0.0640,0.0640,"20,095,500"
29 Sept 2023,0.0530,0.0580,0.0520,0.0570,0.0570,"11,060,200"
28 Sept 2023,0.0450,0.0530,0.0450,0.0520,0.0520,"14,502,700"
27 Sept 2023,0.0440,0.0460,0.0440,0.0450,0.0450,"5,132,200"
26 Sept 2023,0.0440,0.0460,0.0430,0.0430,0.0430,"8,568,800"
25 Sept 2023,0.0430,0.0450,0.0410,0.0440,0.0440,"7,853,300"
22 Sept 2023,0.0430,0.0450,0.0400,0.0410,0.0410,"22,938,200"
21 Sept 2023,0.0470,0.0470,0.0420,0.0440,0.0440,"33,331,100"
20 Sept 2023,0.0500,0.0500,0.0460,0.0470,0.0470,"15,856,100"
19 Sept 2023,0.0490,0.0530,0.0480,0.0500,0.0500,"19,987,600"
18 Sept 2023,0.0480,0.0490,0.0470,0.0480,0.0480,"11,579,957"
15 Sept 2023,0.0540,0.0540,0.0480,0.0480,0.0480,"58,385,300"
14 Sept 2023,0.0520,0.0540,0.0510,0.0540,0.0540,"5,490,100"
13 Sept 2023,0.0580,0.0590,0.0500,0.0520,0.0520,"39,960,200"
12 Sept 2023,0.0570,0.0590,0.0560,0.0580,0.0580,"6,978,800"
11 Sept 2023,0.0570,0.0580,0.0550,0.0570,0.0570,"18,233,500"
8 Sept 2023,0.0560,0.0590,0.0560,0.0560,0.0560,"12,908,600"
7 Sept 2023,0.0610,0.0630,0.0550,0.0550,0.0550,"22,522,600"
6 Sept 2023,0.0570,0.0620,0.0550,0.0600,0.0600,"17,829,500"
5 Sept 2023,0.0600,0.0600,0.0550,0.0570,0.0570,"10,035,500"
4 Sept 2023,0.0680,0.0680,0.0600,0.0600,0.0600,"22,425,967"
31 Aug 2023,0.0700,0.0720,0.0680,0.0680,0.0680,"44,911,800"
30 Aug 2023,0.0730,0.0740,0.0700,0.0700,0.0700,"6,831,800"
29 Aug 2023,0.0710,0.0740,0.0710,0.0720,0.0720,"3,642,100"
28 Aug 2023,0.0710,0.0740,0.0700,0.0710,0.0710,"7,878,200"
25 Aug 2023,0.0730,0.0730,0.0700,0.0710,0.0710,"6,708,000"
24 Aug 2023,0.0750,0.0750,0.0730,0.0740,0.0740,"2,898,200"
23 Aug 2023,0.0760,0.0770,0.0720,0.0760,0.0760,"5,664,200"
22 Aug 2023,0.0780,0.0790,0.0760,0.0760,0.0760,"4,302,600"
21 Aug 2023,0.0790,0.0800,0.0780,0.0780,0.0780,"2,758,900"
18 Aug 2023,0.0840,0.0840,0.0750,0.0790,0.0790,"11,154,400"
17 Aug 2023,0.0870,0.0870,0.0830,0.0850,0.0850,"9,691,600"
16 Aug 2023,0.0880,0.0910,0.0850,0.0880,0.0880,"9,212,400"
15 Aug 2023,0.0900,0.0920,0.0890,0.0890,0.0890,"6,209,600"
14 Aug 2023,0.0960,0.0960,0.0880,0.0910,0.0910,"12,000,000"
11 Aug 2023,0.1010,0.1020,0.0950,0.0960,0.0960,"22,648,400"
10 Aug 2023,0.1020,0.1040,0.1020,0.1030,0.1030,"5,270,400"
8 Aug 2023,0.1030,0.1040,0.1020,0.1030,0.1030,"4,166,700"
7 Aug 2023,0.1040,0.1040,0.1020,0.1020,0.1020,"1,890,700"
4 Aug 2023,0.1030,0.1070,0.1030,0.1040,0.1040,"7,507,400"
3 Aug 2023,0.1020,0.1040,0.1010,0.1040,0.1040,"5,321,300"
2 Aug 2023,0.1030,0.1040,0.1010,0.1030,0.1030,"6,908,400"
1 Aug 2023,0.1060,0.1060,0.1020,0.1030,0.1030,"4,082,400"
31 Jul 2023,0.1110,0.1110,0.1040,0.1050,0.1050,"10,616,700"
28 Jul 2023,0.1120,0.1130,0.1100,0.1110,0.1110,"9,376,800"
27 Jul 2023,0.1080,0.1130,0.1070,0.1120,0.1120,"18,151,100"
26 Jul 2023,0.1050,0.1110,0.1020,0.1080,0.1080,"29,114,400"
25 Jul 2023,0.1030,0.1070,0.1020,0.1050,0.1050,"14,711,391"
24 Jul 2023,0.1110,0.1110,0.1050,0.1080,0.1080,"13,930,200"
21 Jul 2023,0.1130,0.1140,0.1100,0.1120,0.1120,"7,997,200"
20 Jul 2023,0.1140,0.1160,0.1130,0.1130,0.1130,"9,135,900"
19 Jul 2023,0.1350,0.1370,0.1120,0.1160,0.1160,"56,673,100"
18 Jul 2023,0.1690,0.1690,0.1690,0.1690,0.1690,-
17 Jul 2023,0.1690,0.1710,0.1680,0.1690,0.1690,"3,893,600"
14 Jul 2023,0.1680,0.1700,0.1670,0.1690,0.1690,"3,311,100"
13 Jul 2023,0.1690,0.1700,0.1680,0.1680,0.1680,"2,564,000"
12 Jul 2023,0.1640,0.1710,0.1640,0.1680,0.1680,"4,716,200"
11 Jul 2023,0.1620,0.1650,0.1610,0.1640,0.1640,"2,001,900"
10 Jul 2023,0.1680,0.1690,0.1590,0.1600,0.1600,"5,039,100"
7 Jul 2023,0.1690,0.1690,0.1670,0.1690,0.1690,"4,248,800"
6 Jul 2023,0.1690,0.1700,0.1670,0.1690,0.1690,"4,404,400"
5 Jul 2023,0.1710,0.1710,0.1680,0.1690,0.1690,"4,420,600"
4 Jul 2023,0.1700,0.1710,0.1690,0.1710,0.1710,"1,982,700"
3 Jul 2023,0.1730,0.1740,0.1690,0.1690,0.1690,"4,759,400"
30 Jun 2023,0.1700,0.1730,0.1670,0.1730,0.1730,"6,866,800"
28 Jun 2023,0.1720,0.1740,0.1680,0.1700,0.1700,"12,585,500"
27 Jun 2023,0.1720,0.1740,0.1720,0.1720,0.1720,"596,900"
26 Jun 2023,0.1740,0.1750,0.1720,0.1720,0.1720,"2,501,700"
23 Jun 2023,0.1740,0.1790,0.1720,0.1730,0.1730,"11,816,200"
22 Jun 2023,0.1720,0.1750,0.1710,0.1730,0.1730,"4,094,200"
21 Jun 2023,0.1710,0.1720,0.1700,0.1720,0.1720,"835,900"
20 Jun 2023,0.1710,0.1730,0.1700,0.1710,0.1710,"2,616,500"
19 Jun 2023,0.1730,0.1730,0.1710,0.1710,0.1710,"2,792,500"
16 Jun 2023,0.1710,0.1720,0.1690,0.1700,0.1700,"9,774,400"
15 Jun 2023,0.1690,0.1730,0.1680,0.1720,0.1720,"12,597,800"
14 Jun 2023,0.1750,0.1750,0.1690,0.1690,0.1690,"12,180,800"
13 Jun 2023,0.1730,0.1750,0.1730,0.1750,0.1750,"5,773,900"
12 Jun 2023,0.1730,0.1750,0.1720,0.1730,0.1730,"5,199,600"
9 Jun 2023,0.1760,0.1760,0.1710,0.1720,0.1720,"4,387,000"
8 Jun 2023,0.1670,0.1750,0.1670,0.1740,0.1740,"5,846,500"
7 Jun 2023,0.1720,0.1740,0.1710,0.1740,0.1740,"3,204,300"
6 Jun 2023,0.1710,0.1750,0.1650,0.1690,0.1690,"9,730,600"
5 Jun 2023,0.1750,0.1770,0.1680,0.1700,0.1700,"5,026,000"
1 Jun 2023,0.1690,0.1760,0.1670,0.1740,0.1740,"6,803,200"
31 May 2023,0.1750,0.1750,0.1690,0.1690,0.1690,"4,817,000"
30 May 2023,0.1730,0.1800,0.1720,0.1750,0.1750,"10,767,900"
29 May 2023,0.1620,0.1750,0.1590,0.1720,0.1720,"12,853,400"
26 May 2023,0.1610,0.1680,0.1600,0.1610,0.1610,"4,157,200"
25 May 2023,0.1610,0.1640,0.1570,0.1610,0.1610,"3,861,300"
24 May 2023,0.1790,0.1820,0.1600,0.1610,0.1610,"18,778,900"
23 May 2023,0.1400,0.1770,0.1400,0.1750,0.1750,"32,210,500"
22 May 2023,0.1380,0.1430,0.1380,0.1410,0.1410,"7,078,500"
19 May 2023,0.1440,0.1440,0.1360,0.1380,0.1380,"8,284,400"
18 May 2023,0.1380,0.1490,0.1380,0.1430,0.1430,"16,454,700"
17 May 2023,0.1340,0.1380,0.1320,0.1360,0.1360,"8,995,600"
16 May 2023,0.1380,0.1380,0.1300,0.1330,0.1330,"10,025,800"
15 May 2023,0.1410,0.1420,0.1370,0.1390,0.1390,"4,517,300"
12 May 2023,0.1420,0.1430,0.1390,0.1420,0.1420,"6,100,500"
11 May 2023,0.1450,0.1490,0.1410,0.1430,0.1430,"7,082,500"
10 May 2023,0.1630,0.1640,0.1480,0.1500,0.1500,"12,039,500"
9 May 2023,0.1720,0.1740,0.1640,0.1640,0.1640,"4,740,400"
8 May 2023,0.1740,0.1760,0.1710,0.1730,0.1730,"2,518,000"
5 May 2023,0.1750,0.1750,0.1730,0.1740,0.1740,"803,700"
4 May 2023,0.1750,0.1750,0.1710,0.1750,0.1750,"1,713,200"
3 May 2023,0.1790,0.1790,0.1760,0.1760,0.1760,"2,423,500"
2 May 2023,0.1800,0.1800,0.1770,0.1790,0.1790,"1,955,900"
28 Apr 2023,0.1790,0.1800,0.1790,0.1790,0.1790,"3,664,200"
27 Apr 2023,0.1780,0.1800,0.1780,0.1790,0.1790,"3,537,600"
26 Apr 2023,0.1800,0.1810,0.1780,0.1790,0.1790,"3,334,000"
25 Apr 2023,0.1800,0.1810,0.1790,0.1810,0.1810,"2,604,400"
24 Apr 2023,0.1810,0.1820,0.1780,0.1800,0.1800,"4,010,100"
21 Apr 2023,0.1800,0.1850,0.1780,0.1790,0.1790,"9,053,500"
20 Apr 2023,0.1810,0.1810,0.1760,0.1790,0.1790,"3,932,200"
19 Apr 2023,0.1790,0.1810,0.1790,0.1810,0.1810,"1,316,400"
18 Apr 2023,0.1820,0.1820,0.1770,0.1790,0.1790,"2,727,800"
17 Apr 2023,0.1850,0.1850,0.1760,0.1820,0.1820,"4,030,100"
14 Apr 2023,0.1850,0.1850,0.1790,0.1840,0.1840,"4,808,600"
13 Apr 2023,0.1840,0.1940,0.1830,0.1850,0.1850,"11,899,300"
12 Apr 2023,0.1710,0.1860,0.1690,0.1840,0.1840,"14,355,400"
11 Apr 2023,0.1970,0.1970,0.1680,0.1720,0.1720,"16,925,800"
10 Apr 2023,0.2050,0.2100,0.1960,0.1960,0.1960,"8,357,700"
6 Apr 2023,0.2100,0.2150,0.2100,0.2100,0.2100,"3,179,400"
5 Apr 2023,0.2150,0.2150,0.2100,0.2150,0.2150,"1,739,000"
4 Apr 2023,0.2150,0.2150,0.2100,0.2150,0.2150,"1,616,100"
3 Apr 2023,0.2150,0.2200,0.2100,0.2100,0.2100,"5,043,200"
31 Mar 2023,0.2100,0.2200,0.2100,0.2150,0.2150,"5,614,800"
30 Mar 2023,0.2150,0.2200,0.2100,0.2100,0.2100,"2,114,600"
29 Mar 2023,0.2150,0.2200,0.2150,0.2200,0.2200,"2,827,400"
28 Mar 2023,0.2150,0.2200,0.2150,0.2150,0.2150,"2,429,100"
27 Mar 2023,0.2400,0.2500,0.2050,0.2150,0.2150,"11,068,500"
24 Mar 2023,0.2550,0.2550,0.2350,0.2500,0.2500,"7,194,500"
23 Mar 2023,0.2550,0.2600,0.2550,0.2550,0.2550,"1,603,100"
22 Mar 2023,0.2600,0.2650,0.2550,0.2600,0.2600,"3,924,600"
21 Mar 2023,0.2650,0.2700,0.2600,0.2650,0.2650,"1,332,800"
20 Mar 2023,0.2750,0.2750,0.2600,0.2650,0.2650,"1,547,000"
17 Mar 2023,0.2650,0.2700,0.2600,0.2700,0.2700,"3,968,900"
16 Mar 2023,0.2750,0.2750,0.2650,0.2650,0.2650,"1,987,700"
15 Mar 2023,0.2650,0.2750,0.2650,0.2700,0.2700,"8,238,700"
14 Mar 2023,0.2650,0.2700,0.2600,0.2650,0.2650,"3,792,000"
13 Mar 2023,0.2600,0.2650,0.2600,0.2650,0.2650,"3,374,100"
10 Mar 2023,0.2600,0.2650,0.2550,0.2600,0.2600,"4,534,100"
9 Mar 2023,0.2650,0.2650,0.2600,0.2650,0.2650,"3,208,900"
8 Mar 2023,0.2650,0.2700,0.2600,0.2650,0.2650,"2,982,600"
7 Mar 2023,0.2600,0.2750,0.2600,0.2650,0.2650,"6,455,900"
6 Mar 2023,0.2700,0.2750,0.2600,0.2600,0.2600,"3,268,800"
3 Mar 2023,0.2800,0.2800,0.2700,0.2750,0.2750,"2,037,300"
2 Mar 2023,0.2750,0.2800,0.2700,0.2800,0.2800,"4,733,500"
1 Mar 2023,0.2700,0.2750,0.2650,0.2750,0.2750,"1,588,500"
28 Feb 2023,0.2700,0.2700,0.2650,0.2700,0.2700,"3,315,600"
27 Feb 2023,0.2700,0.2800,0.2650,0.2700,0.2700,"4,453,300"
24 Feb 2023,0.2700,0.2750,0.2650,0.2750,0.2750,"2,251,500"
23 Feb 2023,0.2750,0.2750,0.2700,0.2700,0.2700,"1,799,300"
22 Feb 2023,0.2700,0.2750,0.2700,0.2750,0.2750,"1,254,700"
21 Feb 2023,0.2800,0.2850,0.2750,0.2750,0.2750,"2,097,300"
20 Feb 2023,0.2800,0.2850,0.2800,0.2800,0.2800,"779,800"
17 Feb 2023,0.2850,0.2900,0.2800,0.2850,0.2850,"3,156,100"
16 Feb 2023,0.0214 Dividend,,,,,
16 Feb 2023,0.2900,0.2900,0.2800,0.2800,0.2800,"1,902,100"
15 Feb 2023,0.3000,0.3100,0.2950,0.3000,0.2786,"4,559,400"
14 Feb 2023,0.3000,0.3050,0.2950,0.3000,0.2786,"4,382,300"
13 Feb 2023,0.2950,0.3050,0.2900,0.2950,0.2740,"3,437,000"
10 Feb 2023,0.3000,0.3000,0.2900,0.2900,0.2693,"6,959,500"
9 Feb 2023,0.3350,0.3350,0.3000,0.3000,0.2786,"13,295,300"
8 Feb 2023,0.3250,0.3350,0.3250,0.3300,0.3065,"3,181,600"
7 Feb 2023,0.3200,0.3300,0.3200,0.3250,0.3018,"3,633,500"
6 Feb 2023,0.3300,0.3300,0.3200,0.3200,0.2972,"2,158,300"
3 Feb 2023,0.3250,0.3300,0.3250,0.3250,0.3018,"735,700"
2 Feb 2023,0.3200,0.3300,0.3200,0.3250,0.3018,"5,202,400"
1 Feb 2023,0.3300,0.3350,0.3200,0.3200,0.2972,"6,254,700"
31 Jan 2023,0.3200,0.3300,0.3200,0.3300,0.3065,"2,883,500"
30 Jan 2023,0.3350,0.3450,0.3200,0.3200,0.2972,"6,332,000"
27 Jan 2023,0.3200,0.3400,0.3150,0.3300,0.3065,"7,768,000"
26 Jan 2023,0.3050,0.3200,0.3050,0.3200,0.2972,"4,308,500"
25 Jan 2023,0.3000,0.3100,0.3000,0.3100,0.2879,"2,877,600"
20 Jan 2023,0.2850,0.3150,0.2850,0.3000,0.2786,"11,938,000"
19 Jan 2023,0.2800,0.2850,0.2800,0.2850,0.2647,"2,384,900"
18 Jan 2023,0.2800,0.2850,0.2750,0.2800,0.2600,"2,289,900"
17 Jan 2023,0.2750,0.2800,0.2750,0.2800,0.2600,"1,129,800"
16 Jan 2023,0.2800,0.2800,0.2750,0.2750,0.2554,"2,593,400"
13 Jan 2023,0.2750,0.2850,0.2750,0.2800,0.2600,"4,660,200"
12 Jan 2023,0.2750,0.2850,0.2750,0.2800,0.2600,"11,656,400"
11 Jan 2023,0.2750,0.2800,0.2750,0.2750,0.2554,"1,226,900"
10 Jan 2023,0.2800,0.2800,0.2750,0.2750,0.2554,"2,483,000"
9 Jan 2023,0.2900,0.2950,0.2800,0.2800,0.2600,"4,010,500"
6 Jan 2023,0.2850,0.2950,0.2800,0.2850,0.2647,"2,482,200"
5 Jan 2023,0.2800,0.2900,0.2750,0.2850,0.2647,"3,373,600"
4 Jan 2023,0.2700,0.2850,0.2700,0.2800,0.2600,"4,148,600"
3 Jan 2023,0.3000,0.3000,0.2700,0.2700,0.2507,"8,080,800"
30 Dec 2022,0.3050,0.3100,0.3000,0.3000,0.2786,"3,922,100"
29 Dec 2022,0.3000,0.3100,0.3000,0.3100,0.2879,"2,171,400"
28 Dec 2022,0.3000,0.3050,0.3000,0.3000,0.2786,"3,654,000"
27 Dec 2022,0.3100,0.3150,0.3000,0.3000,0.2786,"3,760,700"
23 Dec 2022,0.3150,0.3250,0.3100,0.3100,0.2879,"2,574,842"
22 Dec 2022,0.3150,0.3250,0.3100,0.3200,0.2972,"2,575,100"
21 Dec 2022,0.3150,0.3150,0.3100,0.3100,0.2879,"1,542,500"
20 Dec 2022,0.3200,0.3250,0.3100,0.3150,0.2925,"4,927,200"
19 Dec 2022,0.3250,0.3250,0.3150,0.3200,0.2972,"2,126,290"
16 Dec 2022,0.3200,0.3350,0.3150,0.3250,0.3018,"5,308,300"
15 Dec 2022,0.3500,0.3550,0.3150,0.3150,0.2925,"8,142,700"
14 Dec 2022,0.3400,0.3600,0.3400,0.3500,0.3250,"4,700,200"
13 Dec 2022,0.3400,0.3400,0.3300,0.3300,0.3065,"4,643,300"
12 Dec 2022,0.3550,0.3600,0.3350,0.3350,0.3111,"6,298,700"
9 Dec 2022,0.3700,0.3700,0.3550,0.3600,0.3343,"2,672,900"
8 Dec 2022,0.3600,0.3700,0.3600,0.3700,0.3436,"1,567,900"
7 Dec 2022,0.3650,0.3650,0.3600,0.3650,0.3390,"1,139,900"
6 Dec 2022,0.3750,0.3800,0.3650,0.3650,0.3390,"2,480,000"
5 Dec 2022,0.3750,0.3800,0.3700,0.3750,0.3483,"1,099,000"
2 Dec 2022,0.3800,0.3800,0.3700,0.3750,0.3483,"2,191,400"
1 Dec 2022,0.3900,0.3900,0.3750,0.3750,0.3483,"1,748,100"
30 Nov 2022,0.3750,0.3900,0.3700,0.3900,0.3622,"3,345,500"
29 Nov 2022,0.3700,0.3800,0.3700,0.3750,0.3483,"1,158,400"
28 Nov 2022,0.3850,0.3850,0.3650,0.3750,0.3483,"5,187,700"
25 Nov 2022,0.3700,0.3900,0.3650,0.3850,0.3575,"6,574,300"
24 Nov 2022,0.3750,0.3850,0.3700,0.3700,0.3436,"1,154,800"
23 Nov 2022,0.3750,0.3850,0.3700,0.3750,0.3483,"1,092,500"
22 Nov 2022,0.3750,0.3850,0.3750,0.3750,0.3483,"2,002,200"
21 Nov 2022,0.3700,0.3850,0.3650,0.3800,0.3529,"3,025,400"
18 Nov 2022,0.3750,0.3900,0.3650,0.3700,0.3436,"4,023,000"
17 Nov 2022,0.3800,0.3800,0.3700,0.3750,0.3483,"1,525,200"
16 Nov 2022,0.3800,0.3850,0.3700,0.3750,0.3483,"2,608,900"
15 Nov 2022,0.3850,0.3850,0.3750,0.3750,0.3483,"1,809,600"
14 Nov 2022,0.3800,0.3950,0.3800,0.3850,0.3575,"2,880,800"
11 Nov 2022,0.3800,0.3950,0.3700,0.3750,0.3483,"5,425,000"
10 Nov 2022,0.3500,0.3650,0.3500,0.3600,0.3343,"2,148,800"
9 Nov 2022,0.3550,0.3600,0.3450,0.3550,0.3297,"2,592,500"
8 Nov 2022,0.3600,0.3600,0.3450,0.3550,0.3297,"1,393,000"
7 Nov 2022,0.3550,0.3700,0.3500,0.3550,0.3297,"4,764,400"
4 Nov 2022,0.3450,0.3500,0.3400,0.3500,0.3250,"3,001,600"
3 Nov 2022,0.3550,0.3550,0.3450,0.3550,0.3297,"1,553,000"
2 Nov 2022,0.3600,0.3700,0.3500,0.3550,0.3297,"3,436,800"
1 Nov 2022,0.3650,0.3700,0.3550,0.3550,0.3297,"3,120,300"
31 Oct 2022,0.3850,0.3850,0.3600,0.3650,0.3390,"5,665,000"
28 Oct 2022,0.3750,0.3950,0.3700,0.3900,0.3622,"6,262,700"
27 Oct 2022,0.3750,0.3900,0.3650,0.3750,0.3483,"2,317,400"
26 Oct 2022,0.3650,0.4000,0.3550,0.3700,0.3436,"6,205,200"
25 Oct 2022,0.3350,0.3650,0.3350,0.3600,0.3343,"3,427,300"
21 Oct 2022,0.3450,0.3550,0.3100,0.3300,0.3065,"5,963,400"
20 Oct 2022,0.3650,0.3650,0.3450,0.3450,0.3204,"2,453,800"
19 Oct 2022,0.3450,0.3700,0.3450,0.3650,0.3390,"3,838,500"
18 Oct 2022,0.3750,0.3800,0.3300,0.3400,0.3157,"13,619,200"
17 Oct 2022,0.3750,0.3800,0.3650,0.3750,0.3483,"2,667,600"
14 Oct 2022,0.4000,0.4000,0.3700,0.3750,0.3483,"3,346,700"
13 Oct 2022,0.4000,0.4000,0.3850,0.3900,0.3622,"1,546,800"
12 Oct 2022,0.4000,0.4000,0.3950,0.3950,0.3668,"233,000"
11 Oct 2022,0.3950,0.4050,0.3900,0.3950,0.3668,"3,289,300"
10 Oct 2022,0.4000,0.4050,0.3900,0.4000,0.3715,"1,698,500"
7 Oct 2022,0.4200,0.4200,0.3900,0.3950,0.3668,"3,635,000"
6 Oct 2022,0.4150,0.4200,0.4100,0.4200,0.3900,"2,059,300"
5 Oct 2022,0.4150,0.4300,0.4100,0.4200,0.3900,"3,904,700"
4 Oct 2022,0.4050,0.4100,0.4000,0.4050,0.3761,"943,400"
3 Oct 2022,0.4250,0.4250,0.3900,0.3950,0.3668,"6,488,700"
30 Sept 2022,0.4100,0.4350,0.4050,0.4250,0.3947,"6,951,500"
29 Sept 2022,0.4100,0.4200,0.4100,0.4150,0.3854,"2,359,500"
28 Sept 2022,0.4350,0.4350,0.4000,0.4050,0.3761,"6,145,000"
27 Sept 2022,0.4400,0.4450,0.4250,0.4300,0.3993,"2,883,200"
26 Sept 2022,0.4650,0.4650,0.4350,0.4400,0.4086,"5,376,900"
23 Sept 2022,0.4750,0.4750,0.4600,0.4600,0.4272,"2,159,200"
22 Sept 2022,0.4750,0.4800,0.4650,0.4750,0.4411,"1,058,300"
21 Sept 2022,0.4850,0.4900,0.4700,0.4750,0.4411,"3,652,000"
20 Sept 2022,0.4850,0.4900,0.4800,0.4850,0.4504,"1,115,600"
19 Sept 2022,0.4950,0.4950,0.4800,0.4800,0.4458,"3,688,400"
16 Sept 2022,0.4950,0.5000,0.4900,0.4950,0.4597,"5,116,100"
15 Sept 2022,0.5100,0.5100,0.4900,0.5000,0.4643,"2,213,700"
14 Sept 2022,0.5050,0.5150,0.5000,0.5050,0.4690,"4,608,700"
13 Sept 2022,0.5100,0.5200,0.5050,0.5200,0.4829,"4,507,600"
12 Sept 2022,0.5100,0.5150,0.5050,0.5100,0.4736,"2,486,300"
9 Sept 2022,0.5150,0.5150,0.5000,0.5050,0.4690,"2,964,200"
8 Sept 2022,0.4850,0.5200,0.4800,0.5200,0.4829,"6,243,700"
7 Sept 2022,0.4950,0.4950,0.4800,0.4900,0.4550,"2,207,300"
6 Sept 2022,0.4850,0.4950,0.4800,0.4950,0.4597,"4,146,500"
5 Sept 2022,0.5000,0.5050,0.4850,0.4900,0.4550,"1,276,200"
2 Sept 2022,0.5000,0.5050,0.4950,0.5000,0.4643,"2,495,100"
1 Sept 2022,0.4850,0.5050,0.4800,0.5050,0.4690,"4,696,100"
31 Aug 2022,0.4850,0.4900,0.4800,0.4800,0.4458,"2,551,300"
30 Aug 2022,0.4950,0.4950,0.4800,0.4900,0.4550,"3,372,700"
29 Aug 2022,0.5050,0.5100,0.4900,0.4900,0.4550,"3,314,500"
26 Aug 2022,0.5000,0.5250,0.5000,0.5100,0.4736,"7,466,500"
25 Aug 2022,0.5000,0.5100,0.4950,0.4950,0.4597,"3,942,300"
24 Aug 2022,0.5100,0.5150,0.4950,0.5000,0.4643,"3,430,600"
23 Aug 2022,0.5300,0.5300,0.5100,0.5100,0.4736,"5,426,800"
22 Aug 2022,0.5300,0.5350,0.5300,0.5300,0.4922,"1,357,500"
19 Aug 2022,0.5350,0.5350,0.5300,0.5350,0.4968,"969,200"
18 Aug 2022,0.5350,0.5400,0.5300,0.5350,0.4968,"1,982,000"
17 Aug 2022,0.5400,0.5400,0.5350,0.5350,0.4968,"437,000"
16 Aug 2022,0.5350,0.5450,0.5300,0.5450,0.5061,"2,120,000"
15 Aug 2022,0.5550,0.5550,0.5350,0.5400,0.5015,"4,946,700"
12 Aug 2022,0.0261 Dividend,,,,,
12 Aug 2022,0.5600,0.5600,0.5500,0.5550,0.5154,"2,011,200"
11 Aug 2022,0.5800,0.5850,0.5750,0.5800,0.5144,"12,543,100"
10 Aug 2022,0.5850,0.5900,0.5750,0.5750,0.5100,"3,052,700"
8 Aug 2022,0.5900,0.5900,0.5800,0.5850,0.5188,"2,346,300"
5 Aug 2022,0.5950,0.5950,0.5750,0.5900,0.5233,"5,572,000"
4 Aug 2022,0.6000,0.6000,0.5900,0.5950,0.5277,"2,175,100"
3 Aug 2022,0.5900,0.5950,0.5900,0.5950,0.5277,"717,400"
2 Aug 2022,0.5900,0.5950,0.5800,0.5900,0.5233,"3,868,400"
1 Aug 2022,0.5800,0.6000,0.5800,0.5950,0.5277,"1,415,900"
29 Jul 2022,0.5950,0.5950,0.5800,0.5800,0.5144,"1,009,500"
28 Jul 2022,0.5900,0.5950,0.5850,0.5950,0.5277,"1,106,900"
27 Jul 2022,0.5850,0.5900,0.5800,0.5850,0.5188,"856,400"
26 Jul 2022,0.5650,0.5900,0.5650,0.5850,0.5188,"2,013,000"
25 Jul 2022,0.5700,0.5750,0.5650,0.5700,0.5055,"1,341,000"
22 Jul 2022,0.5600,0.5700,0.5600,0.5700,0.5055,"2,476,400"
21 Jul 2022,0.5500,0.5600,0.5500,0.5600,0.4967,"898,900"
20 Jul 2022,0.5550,0.5550,0.5500,0.5500,0.4878,"1,478,852"
19 Jul 2022,0.5500,0.5600,0.5500,0.5600,0.4967,"1,724,400"
18 Jul 2022,0.5550,0.5600,0.5500,0.5600,0.4967,"1,704,700"
15 Jul 2022,0.5650,0.5650,0.5550,0.5600,0.4967,"1,545,300"
14 Jul 2022,0.5650,0.5700,0.5550,0.5600,0.4967,"3,612,700"
13 Jul 2022,0.5650,0.5700,0.5650,0.5650,0.5011,"998,800"
12 Jul 2022,0.5700,0.5700,0.5650,0.5650,0.5011,"873,300"
8 Jul 2022,0.5750,0.5800,0.5650,0.5750,0.5100,"1,390,100"
7 Jul 2022,0.5650,0.5750,0.5650,0.5750,0.5100,"1,209,700"
6 Jul 2022,0.5700,0.5750,0.5650,0.5700,0.5055,"2,523,200"
5 Jul 2022,0.5700,0.5700,0.5600,0.5650,0.5011,"1,724,800"
4 Jul 2022,0.5700,0.5700,0.5650,0.5650,0.5011,"1,041,700"
1 Jul 2022,0.5700,0.5750,0.5650,0.5700,0.5055,"1,233,500"
30 Jun 2022,0.5700,0.5750,0.5700,0.5700,0.5055,"1,130,500"
29 Jun 2022,0.5750,0.5800,0.5700,0.5700,0.5055,"1,749,400"
28 Jun 2022,0.5700,0.5800,0.5700,0.5750,0.5100,"1,538,600"
27 Jun 2022,0.5800,0.5850,0.5700,0.5700,0.5055,"1,335,700"
24 Jun 2022,0.5700,0.5800,0.5700,0.5800,0.5144,"1,098,100"
23 Jun 2022,0.5700,0.5750,0.5650,0.5750,0.5100,"1,230,000"
22 Jun 2022,0.5750,0.5750,0.5600,0.5600,0.4967,"2,955,000"
21 Jun 2022,0.5700,0.5800,0.5650,0.5750,0.5100,"1,445,500"
20 Jun 2022,0.5700,0.5800,0.5650,0.5700,0.5055,"2,321,400"
17 Jun 2022,0.5850,0.5900,0.5650,0.5800,0.5144,"7,722,600"
16 Jun 2022,0.5950,0.5950,0.5850,0.5900,0.5233,"1,942,900"
15 Jun 2022,0.5900,0.6000,0.5850,0.5900,0.5233,"1,582,800"
14 Jun 2022,0.6000,0.6050,0.5850,0.5850,0.5188,"3,586,400"
13 Jun 2022,0.6150,0.6250,0.6000,0.6000,0.5321,"4,288,300"
10 Jun 2022,0.6300,0.6400,0.6150,0.6200,0.5499,"2,320,100"
9 Jun 2022,0.6200,0.6400,0.6150,0.6300,0.5587,"4,705,000"
8 Jun 2022,0.6100,0.6250,0.6050,0.6200,0.5499,"3,025,900"
7 Jun 2022,0.6050,0.6100,0.6050,0.6100,0.5410,"911,600"
6 Jun 2022,0.6000,0.6150,0.6000,0.6100,0.5410,"1,821,900"
3 Jun 2022,0.5950,0.6050,0.5950,0.6050,0.5366,"1,189,000"
2 Jun 2022,0.5950,0.6000,0.5900,0.5950,0.5277,"954,000"
1 Jun 2022,0.6000,0.6050,0.5950,0.5950,0.5277,"545,600"
31 May 2022,0.5900,0.6150,0.5900,0.6000,0.5321,"8,029,400"
30 May 2022,0.6000,0.6050,0.5900,0.5950,0.5277,"2,707,600"
27 May 2022,0.5900,0.6000,0.5850,0.6000,0.5321,"2,237,700"
26 May 2022,0.5900,0.5950,0.5800,0.5850,0.5188,"2,235,300"
25 May 2022,0.5950,0.5950,0.5850,0.5900,0.5233,"2,527,900"
24 May 2022,0.5950,0.6000,0.5900,0.5950,0.5277,"1,705,300"
23 May 2022,0.6050,0.6050,0.5900,0.5950,0.5277,"1,467,500"
20 May 2022,0.6000,0.6100,0.6000,0.6000,0.5321,"1,652,800"
19 May 2022,0.6100,0.6100,0.5900,0.5950,0.5277,"4,034,900"
18 May 2022,0.6150,0.6250,0.6050,0.6100,0.5410,"1,804,400"
17 May 2022,0.6000,0.6150,0.6000,0.6050,0.5366,"2,573,300"
13 May 2022,0.6000,0.6050,0.5900,0.6000,0.5321,"3,804,900"
12 May 2022,0.6000,0.6100,0.5900,0.5900,0.5233,"7,821,600"
11 May 2022,0.5950,0.6100,0.5950,0.6000,0.5321,"4,971,600"
10 May 2022,0.6000,0.6000,0.5900,0.6000,0.5321,"3,609,200"
9 May 2022,0.6100,0.6150,0.6000,0.6000,0.5321,"3,892,500"
6 May 2022,0.6250,0.6250,0.6100,0.6150,0.5454,"3,240,600"
5 May 2022,0.6300,0.6350,0.6200,0.6250,0.5543,"1,669,600"
4 May 2022,0.6250,0.6350,0.6250,0.6300,0.5587,"2,901,800"
29 Apr 2022,0.6300,0.6300,0.6250,0.6250,0.5543,"1,135,200"
28 Apr 2022,0.6300,0.6350,0.6250,0.6250,0.5543,"1,524,900"
27 Apr 2022,0.6350,0.6400,0.6250,0.6250,0.5543,"1,490,800"
26 Apr 2022,0.6350,0.6400,0.6300,0.6400,0.5676,"1,204,500"
25 Apr 2022,0.6350,0.6350,0.6250,0.6350,0.5632,"1,710,700"
22 Apr 2022,0.6400,0.6450,0.6350,0.6350,0.5632,"1,390,200"
21 Apr 2022,0.6400,0.6450,0.6400,0.6400,0.5676,"671,500"
20 Apr 2022,0.6450,0.6500,0.6400,0.6400,0.5676,"1,063,200"
19 Apr 2022,0.6450,0.6500,0.6400,0.6400,0.5676,"1,062,800"
18 Apr 2022,0.6350,0.6450,0.6350,0.6450,0.5720,"566,600"
14 Apr 2022,0.6550,0.6600,0.6350,0.6400,0.5676,"3,498,600"
13 Apr 2022,0.6600,0.6650,0.6450,0.6500,0.5765,"3,681,100"
12 Apr 2022,0.6650,0.6700,0.6600,0.6600,0.5853,"1,756,900"
11 Apr 2022,0.6650,0.6700,0.6600,0.6700,0.5942,"1,746,800"
8 Apr 2022,0.6700,0.6750,0.6600,0.6700,0.5942,"3,103,300"
7 Apr 2022,0.6800,0.6800,0.6700,0.6700,0.5942,"1,009,800"
6 Apr 2022,0.6850,0.6850,0.6700,0.6800,0.6031,"1,818,300"
5 Apr 2022,0.6750,0.6850,0.6700,0.6850,0.6075,"2,960,600"
4 Apr 2022,0.6700,0.6750,0.6600,0.6750,0.5986,"1,704,800"
1 Apr 2022,0.6750,0.6750,0.6650,0.6650,0.5898,"767,900"
31 Mar 2022,0.6700,0.6750,0.6650,0.6750,0.5986,"2,563,900"
30 Mar 2022,0.6750,0.6800,0.6650,0.6750,0.5986,"2,468,100"
29 Mar 2022,0.6550,0.6750,0.6550,0.6750,0.5986,"3,147,800"
28 Mar 2022,0.6550,0.6650,0.6500,0.6600,0.5853,"1,441,300"
25 Mar 2022,0.6400,0.6550,0.6400,0.6550,0.5809,"1,388,200"
24 Mar 2022,0.6350,0.6450,0.6300,0.6450,0.5720,"1,589,200"
23 Mar 2022,0.6400,0.6450,0.6300,0.6350,0.5632,"3,095,400"
22 Mar 2022,0.6550,0.6600,0.6350,0.6400,0.5676,"4,267,100"
21 Mar 2022,0.6450,0.6600,0.6450,0.6600,0.5853,"2,748,600"
18 Mar 2022,0.6450,0.6650,0.6350,0.6400,0.5676,"13,888,300"
17 Mar 2022,0.6200,0.6400,0.6200,0.6400,0.5676,"1,929,500"
16 Mar 2022,0.6150,0.6300,0.6100,0.6150,0.5454,"3,973,300"
15 Mar 2022,0.6300,0.6350,0.6100,0.6200,0.5499,"4,823,700"
14 Mar 2022,0.6450,0.6450,0.6300,0.6300,0.5587,"1,703,100"
11 Mar 2022,0.6400,0.6450,0.6350,0.6400,0.5676,"1,389,500"
10 Mar 2022,0.6250,0.6400,0.6250,0.6400,0.5676,"2,079,700"
9 Mar 2022,0.6200,0.6250,0.6150,0.6200,0.5499,"1,898,000"
8 Mar 2022,0.6350,0.6350,0.6100,0.6150,0.5454,"4,184,300"
7 Mar 2022,0.6350,0.6500,0.6300,0.6300,0.5587,"1,699,700"
4 Mar 2022,0.6450,0.6450,0.6350,0.6450,0.5720,"3,385,300"
3 Mar 2022,0.6500,0.6500,0.6400,0.6450,0.5720,"1,345,400"
2 Mar 2022,0.6450,0.6500,0.6400,0.6450,0.5720,"985,200"
1 Mar 2022,0.6450,0.6550,0.6450,0.6450,0.5720,"1,329,700"
28 Feb 2022,0.6500,0.6500,0.6350,0.6500,0.5765,"2,716,900"
25 Feb 2022,0.6450,0.6600,0.6400,0.6400,0.5676,"2,484,900"
24 Feb 2022,0.6750,0.6750,0.6300,0.6350,0.5632,"9,108,400"
23 Feb 2022,0.6550,0.6750,0.6550,0.6750,0.5986,"1,879,900"
22 Feb 2022,0.6700,0.6700,0.6550,0.6550,0.5809,"1,725,000"
21 Feb 2022,0.6600,0.6750,0.6600,0.6700,0.5942,"1,525,000"
18 Feb 2022,0.6650,0.6650,0.6600,0.6600,0.5853,"524,200"
17 Feb 2022,0.6650,0.6700,0.6600,0.6600,0.5853,"1,562,000"
16 Feb 2022,0.0032 Dividend,,,,,
16 Feb 2022,0.6600,0.6700,0.6550,0.6650,0.5898,"2,736,600"
15 Feb 2022,0.6550,0.6650,0.6500,0.6550,0.5781,"1,466,900"
14 Feb 2022,0.6600,0.6600,0.6500,0.6550,0.5781,"2,629,700"
11 Feb 2022,0.6550,0.6650,0.6500,0.6600,0.5825,"1,917,900"
10 Feb 2022,0.6350,0.6550,0.6350,0.6500,0.5737,"4,177,400"
9 Feb 2022,0.6450,0.6500,0.6300,0.6300,0.5560,"5,827,900"
8 Feb 2022,0.6450,0.6450,0.6400,0.6450,0.5692,"2,139,400"
7 Feb 2022,0.6450,0.6450,0.6350,0.6450,0.5692,"3,309,500"
4 Feb 2022,0.6450,0.6500,0.6350,0.6400,0.5648,"2,761,800"
3 Feb 2022,0.6450,0.6550,0.6400,0.6500,0.5737,"2,214,400"
31 Jan 2022,0.6400,0.6500,0.6300,0.6450,0.5692,"2,919,800"
28 Jan 2022,0.6600,0.6600,0.6300,0.6400,0.5648,"4,378,700"
27 Jan 2022,0.6650,0.6700,0.6550,0.6550,0.5781,"2,228,100"
26 Jan 2022,0.6650,0.6700,0.6650,0.6650,0.5869,"623,200"
25 Jan 2022,0.6750,0.6750,0.6600,0.6650,0.5869,"1,464,900"
24 Jan 2022,0.6650,0.6750,0.6650,0.6700,0.5913,"2,070,600"
21 Jan 2022,0.6700,0.6750,0.6650,0.6750,0.5957,"1,711,700"
20 Jan 2022,0.6700,0.6700,0.6650,0.6650,0.5869,"800,200"
19 Jan 2022,0.6750,0.6750,0.6650,0.6650,0.5869,"987,699"
18 Jan 2022,0.6650,0.6750,0.6650,0.6750,0.5957,"2,105,000"
17 Jan 2022,0.6650,0.6700,0.6650,0.6650,0.5869,"1,071,600"
14 Jan 2022,0.6700,0.6700,0.6650,0.6700,0.5913,"815,600"
13 Jan 2022,0.6700,0.6700,0.6650,0.6650,0.5869,"693,100"
12 Jan 2022,0.6650,0.6700,0.6650,0.6700,0.5913,"1,091,800"
11 Jan 2022,0.6700,0.6700,0.6600,0.6600,0.5825,"1,846,700"
10 Jan 2022,0.6700,0.6700,0.6650,0.6700,0.5913,"1,296,400"
7 Jan 2022,0.6650,0.6700,0.6600,0.6700,0.5913,"2,380,600"
6 Jan 2022,0.6700,0.6700,0.6650,0.6700,0.5913,"994,100"
5 Jan 2022,0.6700,0.6750,0.6650,0.6700,0.5913,"2,176,900"
4 Jan 2022,0.6750,0.6750,0.6700,0.6700,0.5913,"986,600"
3 Jan 2022,0.6700,0.6750,0.6700,0.6700,0.5913,"394,400"
31 Dec 2021,0.6700,0.6750,0.6700,0.6700,0.5913,"519,700"
30 Dec 2021,0.6700,0.6750,0.6650,0.6700,0.5913,"1,217,900"
29 Dec 2021,0.6700,0.6750,0.6650,0.6700,0.5913,"937,800"
28 Dec 2021,0.6650,0.6750,0.6650,0.6700,0.5913,"1,559,400"
27 Dec 2021,0.6650,0.6700,0.6650,0.6650,0.5869,"1,434,900"
24 Dec 2021,0.6650,0.6650,0.6600,0.6650,0.5869,"288,100"
23 Dec 2021,0.6650,0.6650,0.6600,0.6600,0.5825,"766,300"
22 Dec 2021,0.6650,0.6700,0.6600,0.6600,0.5825,"1,226,000"
21 Dec 2021,0.6600,0.6650,0.6600,0.6650,0.5869,"678,200"
20 Dec 2021,0.6700,0.6700,0.6600,0.6600,0.5825,"1,537,100"
17 Dec 2021,0.6650,0.6700,0.6600,0.6700,0.5913,"2,494,900"
16 Dec 2021,0.6600,0.6700,0.6600,0.6700,0.5913,"1,687,700"
15 Dec 2021,0.6600,0.6600,0.6550,0.6600,0.5825,"1,455,000"
14 Dec 2021,0.6650,0.6650,0.6550,0.6600,0.5825,"3,529,400"
13 Dec 2021,0.6600,0.6600,0.6550,0.6600,0.5825,"2,831,100"
10 Dec 2021,0.6650,0.6700,0.6550,0.6550,0.5781,"5,090,100"
9 Dec 2021,0.6700,0.6700,0.6550,0.6700,0.5913,"9,589,600"
8 Dec 2021,0.6800,0.6800,0.6650,0.6650,0.5869,"5,542,000"
7 Dec 2021,0.0231 Dividend,,,,,
7 Dec 2021,0.6850,0.6850,0.6750,0.6800,0.6001,"3,553,700"
6 Dec 2021,0.7000,0.7050,0.6950,0.6950,0.5930,"2,423,900"
3 Dec 2021,0.6900,0.7000,0.6850,0.6950,0.5930,"2,337,500"
2 Dec 2021,0.6800,0.6900,0.6750,0.6850,0.5844,"3,566,500"
1 Dec 2021,0.6800,0.6850,0.6700,0.6800,0.5802,"17,956,500"
30 Nov 2021,0.7100,0.7100,0.7100,0.7100,0.6058,-
29 Nov 2021,0.7150,0.7200,0.7050,0.7100,0.6058,"2,233,400"
26 Nov 2021,0.7300,0.7300,0.7150,0.7200,0.6143,"1,544,200"
25 Nov 2021,0.7350,0.7450,0.7300,0.7300,0.6228,"3,371,100"
24 Nov 2021,0.7400,0.7450,0.7350,0.7350,0.6271,"4,116,700"
23 Nov 2021,0.7300,0.7400,0.7250,0.7350,0.6271,"3,262,400"
22 Nov 2021,0.7300,0.7300,0.7250,0.7300,0.6228,"1,223,200"
19 Nov 2021,0.7300,0.7300,0.7250,0.7300,0.6228,"655,300"
18 Nov 2021,0.7300,0.7300,0.7250,0.7300,0.6228,"629,800"
17 Nov 2021,0.7250,0.7300,0.7250,0.7250,0.6186,"1,510,400"
16 Nov 2021,0.7250,0.7300,0.7250,0.7300,0.6228,"989,400"
15 Nov 2021,0.7200,0.7300,0.7200,0.7300,0.6228,"993,700"
12 Nov 2021,0.7200,0.7250,0.7200,0.7250,0.6186,"913,900"
11 Nov 2021,0.7150,0.7250,0.7150,0.7250,0.6186,"1,972,000"
10 Nov 2021,0.7150,0.7200,0.7050,0.7150,0.6100,"1,579,100"
9 Nov 2021,0.7150,0.7150,0.7100,0.7100,0.6058,"1,492,600"
8 Nov 2021,0.7200,0.7250,0.7050,0.7150,0.6100,"2,270,700"
5 Nov 2021,0.7000,0.7200,0.7000,0.7200,0.6143,"4,950,500"
3 Nov 2021,0.7150,0.7150,0.6950,0.6950,0.5930,"16,787,800"
2 Nov 2021,0.7050,0.7150,0.7000,0.7150,0.6100,"2,340,300"
1 Nov 2021,0.7150,0.7150,0.7000,0.7000,0.5972,"2,998,000"
29 Oct 2021,0.7150,0.7200,0.7100,0.7100,0.6058,"2,881,900"
28 Oct 2021,0.7100,0.7150,0.7050,0.7100,0.6058,"1,751,000"
27 Oct 2021,0.7150,0.7200,0.7100,0.7100,0.6058,"994,100"
26 Oct 2021,0.7100,0.7200,0.7100,0.7200,0.6143,"1,610,200"
25 Oct 2021,0.7250,0.7300,0.7100,0.7100,0.6058,"1,697,800"
22 Oct 2021,0.7250,0.7300,0.7200,0.7300,0.6228,"262,600"
21 Oct 2021,0.7250,0.7300,0.7250,0.7300,0.6228,"804,800"
20 Oct 2021,0.7250,0.7300,0.7250,0.7300,0.6228,"1,692,000"
19 Oct 2021,0.7300,0.7300,0.7200,0.7250,0.6186,"1,440,800"
18 Oct 2021,0.7250,0.7300,0.7250,0.7250,0.6186,"478,500"
15 Oct 2021,0.7250,0.7300,0.7200,0.7300,0.6228,"950,200"
14 Oct 2021,0.7200,0.7250,0.7150,0.7200,0.6143,"1,031,500"
13 Oct 2021,0.7200,0.7250,0.7200,0.7250,0.6186,"560,500"
12 Oct 2021,0.7200,0.7250,0.7150,0.7250,0.6186,"1,387,900"
11 Oct 2021,0.7200,0.7200,0.7100,0.7200,0.6143,"415,700"
8 Oct 2021,0.7150,0.7150,0.7100,0.7150,0.6100,"993,700"
7 Oct 2021,0.7100,0.7150,0.7050,0.7150,0.6100,"1,174,900"
6 Oct 2021,0.7000,0.7100,0.7000,0.7100,0.6058,"859,100"
5 Oct 2021,0.6950,0.7050,0.6900,0.7050,0.6015,"1,742,000"
4 Oct 2021,0.7000,0.7100,0.7000,0.7050,0.6015,"1,463,500"
1 Oct 2021,0.7000,0.7050,0.6950,0.6950,0.5930,"1,512,400"
30 Sept 2021,0.7050,0.7100,0.7000,0.7000,0.5972,"1,689,000"
29 Sept 2021,0.7000,0.7050,0.7000,0.7050,0.6015,"927,800"
28 Sept 2021,0.7000,0.7050,0.7000,0.7000,0.5972,"2,511,800"
27 Sept 2021,0.7100,0.7100,0.7000,0.7050,0.6015,"2,135,100"
24 Sept 2021,0.7100,0.7100,0.7050,0.7050,0.6015,"1,128,600"
23 Sept 2021,0.7050,0.7150,0.7050,0.7100,0.6058,"3,042,000"
22 Sept 2021,0.7000,0.7100,0.7000,0.7000,0.5972,"1,669,700"
21 Sept 2021,0.7100,0.7150,0.7050,0.7050,0.6015,"1,383,200"
20 Sept 2021,0.7300,0.7300,0.7100,0.7100,0.6058,"1,891,300"
17 Sept 2021,0.7100,0.7300,0.7100,0.7300,0.6228,"5,142,800"
16 Sept 2021,0.7050,0.7100,0.7000,0.7100,0.6058,"1,889,200"
15 Sept 2021,0.7050,0.7050,0.7000,0.7000,0.5972,"1,239,400"
14 Sept 2021,0.7050,0.7100,0.7050,0.7050,0.6015,"1,232,100"
13 Sept 2021,0.7200,0.7200,0.7000,0.7000,0.5972,"3,400,700"
10 Sept 2021,0.7150,0.7200,0.7150,0.7150,0.6100,"648,500"
9 Sept 2021,0.7200,0.7250,0.7100,0.7100,0.6058,"2,346,100"
8 Sept 2021,0.7300,0.7350,0.7200,0.7200,0.6143,"1,233,800"
7 Sept 2021,0.7300,0.7350,0.7200,0.7300,0.6228,"1,642,700"
6 Sept 2021,0.7300,0.7300,0.7200,0.7300,0.6228,"1,418,700"
3 Sept 2021,0.7300,0.7300,0.7250,0.7300,0.6228,"726,300"
2 Sept 2021,0.7300,0.7300,0.7250,0.7300,0.6228,"744,400"
1 Sept 2021,0.7300,0.7350,0.7250,0.7250,0.6186,"908,900"
31 Aug 2021,0.7300,0.7300,0.7250,0.7300,0.6228,"2,329,800"
30 Aug 2021,0.7300,0.7350,0.7250,0.7250,0.6186,"798,500"
27 Aug 2021,0.7350,0.7350,0.7250,0.7300,0.6228,"1,442,600"
26 Aug 2021,0.7300,0.7350,0.7250,0.7300,0.6228,"1,048,600"
25 Aug 2021,0.7350,0.7350,0.7300,0.7350,0.6271,"332,900"
24 Aug 2021,0.7300,0.7400,0.7300,0.7300,0.6228,"634,400"
23 Aug 2021,0.7400,0.7400,0.7250,0.7300,0.6228,"622,100"
20 Aug 2021,0.7400,0.7400,0.7300,0.7400,0.6314,"2,299,600"
19 Aug 2021,0.027 Dividend,,,,,
19 Aug 2021,0.7400,0.7400,0.7350,0.7350,0.6271,"1,438,800"
18 Aug 2021,0.7550,0.7650,0.7500,0.7600,0.6254,"3,043,167"
17 Aug 2021,0.7550,0.7600,0.7500,0.7550,0.6213,"2,093,000"
16 Aug 2021,0.7650,0.7700,0.7500,0.7600,0.6254,"8,576,900"
13 Aug 2021,0.7650,0.7700,0.7550,0.7700,0.6336,"2,142,100"
12 Aug 2021,0.7650,0.7700,0.7600,0.7650,0.6295,"1,017,900"
11 Aug 2021,0.7800,0.7850,0.7650,0.7650,0.6295,"1,967,700"
10 Aug 2021,0.7850,0.7900,0.7800,0.7850,0.6460,"1,910,300"
6 Aug 2021,0.7800,0.7850,0.7800,0.7800,0.6419,"1,025,800"
5 Aug 2021,0.7750,0.7800,0.7750,0.7800,0.6419,"574,500"
4 Aug 2021,0.7700,0.7800,0.7650,0.7750,0.6377,"1,715,500"
3 Aug 2021,0.7700,0.7700,0.7650,0.7700,0.6336,"585,400"
2 Aug 2021,0.7600,0.7700,0.7550,0.7700,0.6336,"691,300"
30 Jul 2021,0.7650,0.7800,0.7500,0.7600,0.6254,"4,762,000"
29 Jul 2021,0.7750,0.7750,0.7650,0.7650,0.6295,"1,552,200"
28 Jul 2021,0.7800,0.7800,0.7700,0.7700,0.6336,"1,815,900"
27 Jul 2021,0.7800,0.7850,0.7750,0.7750,0.6377,"813,600"
26 Jul 2021,0.7800,0.7800,0.7750,0.7800,0.6419,"1,207,700"
23 Jul 2021,0.7800,0.7850,0.7750,0.7750,0.6377,"1,463,400"
22 Jul 2021,0.7800,0.7850,0.7800,0.7800,0.6419,"2,206,500"
21 Jul 2021,0.7900,0.7900,0.7800,0.7800,0.6419,"2,013,000"
19 Jul 2021,0.8050,0.8050,0.7900,0.7900,0.6501,"2,008,500"
16 Jul 2021,0.8100,0.8150,0.8050,0.8100,0.6665,"1,057,600"
15 Jul 2021,0.8050,0.8100,0.8000,0.8050,0.6624,"2,472,500"
14 Jul 2021,0.8050,0.8050,0.8000,0.8050,0.6624,"1,033,600"
13 Jul 2021,0.8100,0.8100,0.8000,0.8050,0.6624,"1,263,700"
12 Jul 2021,0.8000,0.8150,0.8000,0.8000,0.6583,"2,816,300"
9 Jul 2021,0.7950,0.8000,0.7900,0.8000,0.6583,"3,597,300"
8 Jul 2021,0.8000,0.8000,0.7900,0.7900,0.6501,"2,349,000"
7 Jul 2021,0.7950,0.8000,0.7900,0.7950,0.6542,"2,403,700"
6 Jul 2021,0.7950,0.8050,0.7900,0.8000,0.6583,"3,757,400"
5 Jul 2021,0.7900,0.8000,0.7900,0.7900,0.6501,"1,660,700"
2 Jul 2021,0.7850,0.7950,0.7850,0.7950,0.6542,"917,400"
1 Jul 2021,0.7850,0.7950,0.7850,0.7850,0.6460,"1,000,923"
30 Jun 2021,0.7900,0.7950,0.7850,0.7900,0.6501,"2,386,800"
29 Jun 2021,0.7900,0.7950,0.7850,0.7950,0.6542,"1,717,400"
28 Jun 2021,0.7900,0.7950,0.7900,0.7950,0.6542,"742,400"
25 Jun 2021,0.7900,0.7900,0.7850,0.7900,0.6501,"781,600"
24 Jun 2021,0.7900,0.7950,0.7850,0.7850,0.6460,"3,626,200"
23 Jun 2021,0.7800,0.7950,0.7800,0.7900,0.6501,"4,823,300"
22 Jun 2021,0.7700,0.7800,0.7700,0.7800,0.6419,"2,858,200"
21 Jun 2021,0.7600,0.7700,0.7600,0.7700,0.6336,"3,580,100"
18 Jun 2021,0.7600,0.7600,0.7550,0.7600,0.6254,"5,681,400"
17 Jun 2021,0.7550,0.7600,0.7500,0.7600,0.6254,"1,778,600"
16 Jun 2021,0.7600,0.7600,0.7550,0.7550,0.6213,"873,200"
15 Jun 2021,0.7600,0.7600,0.7550,0.7550,0.6213,"1,929,900"
14 Jun 2021,0.7600,0.7600,0.7550,0.7550,0.6213,"414,200"
11 Jun 2021,0.7550,0.7600,0.7550,0.7550,0.6213,"2,929,600"
10 Jun 2021,0.7550,0.7600,0.7550,0.7550,0.6213,"1,182,300"
9 Jun 2021,0.7600,0.7600,0.7550,0.7600,0.6254,"3,084,600"
8 Jun 2021,0.7550,0.7600,0.7500,0.7550,0.6213,"2,615,200"
7 Jun 2021,0.7550,0.7650,0.7500,0.7600,0.6254,"1,013,900"
4 Jun 2021,0.7600,0.7600,0.7500,0.7550,0.6213,"3,010,400"
3 Jun 2021,0.7650,0.7650,0.7550,0.7600,0.6254,"1,708,200"
2 Jun 2021,0.7600,0.7650,0.7550,0.7650,0.6295,"2,511,000"
1 Jun 2021,0.7600,0.7600,0.7550,0.7600,0.6254,"421,200"
31 May 2021,0.7600,0.7600,0.7500,0.7600,0.6254,"1,440,200"
28 May 2021,0.7600,0.7650,0.7500,0.7600,0.6254,"2,197,213"
27 May 2021,0.7550,0.7600,0.7500,0.7600,0.6254,"3,302,400"
25 May 2021,0.7500,0.7600,0.7450,0.7500,0.6172,"2,614,800"
24 May 2021,0.7400,0.7500,0.7400,0.7500,0.6172,"992,100"
21 May 2021,0.7450,0.7450,0.7400,0.7450,0.6131,"1,974,300"
20 May 2021,0.7350,0.7450,0.7350,0.7350,0.6048,"1,934,700"
19 May 2021,0.7350,0.7400,0.7300,0.7350,0.6048,"1,203,500"
18 May 2021,0.7400,0.7450,0.7350,0.7400,0.6089,"2,276,100"
17 May 2021,0.7300,0.7400,0.7250,0.7350,0.6048,"519,500"
14 May 2021,0.7350,0.7400,0.7250,0.7300,0.6007,"5,291,900"
12 May 2021,0.7400,0.7450,0.7350,0.7350,0.6048,"1,907,500"
11 May 2021,0.7450,0.7450,0.7350,0.7400,0.6089,"2,297,200"
10 May 2021,0.7450,0.7500,0.7400,0.7500,0.6172,"912,500"
7 May 2021,0.7500,0.7500,0.7400,0.7450,0.6131,"1,890,200"
6 May 2021,0.7450,0.7500,0.7450,0.7500,0.6172,"1,439,600"
5 May 2021,0.7550,0.7550,0.7450,0.7500,0.6172,"2,718,600"
4 May 2021,0.7500,0.7550,0.7500,0.7500,0.6172,"886,800"
3 May 2021,0.7600,0.7600,0.7450,0.7500,0.6172,"2,772,600"
30 Apr 2021,0.7550,0.7600,0.7500,0.7600,0.6254,"1,597,700"
29 Apr 2021,0.7500,0.7600,0.7500,0.7550,0.6213,"1,710,400"
28 Apr 2021,0.7400,0.7600,0.7350,0.7550,0.6213,"5,895,800"
27 Apr 2021,0.7400,0.7400,0.7350,0.7400,0.6089,"798,800"
26 Apr 2021,0.7300,0.7400,0.7300,0.7400,0.6089,"1,624,200"
23 Apr 2021,0.7350,0.7350,0.7300,0.7300,0.6007,"898,800"
22 Apr 2021,0.7400,0.7400,0.7300,0.7350,0.6048,"1,024,100"
21 Apr 2021,0.7400,0.7400,0.7300,0.7350,0.6048,"1,509,300"
20 Apr 2021,0.7450,0.7450,0.7350,0.7400,0.6089,"529,200"
19 Apr 2021,0.7400,0.7450,0.7400,0.7450,0.6131,"1,591,100"
16 Apr 2021,0.7400,0.7450,0.7350,0.7350,0.6048,"1,366,400"
15 Apr 2021,0.7400,0.7400,0.7350,0.7400,0.6089,"918,400"
14 Apr 2021,0.7400,0.7400,0.7350,0.7400,0.6089,"982,700"
13 Apr 2021,0.7400,0.7450,0.7350,0.7400,0.6089,"1,411,300"
12 Apr 2021,0.7450,0.7450,0.7400,0.7400,0.6089,"2,315,300"
9 Apr 2021,0.7350,0.7450,0.7350,0.7400,0.6089,"5,225,900"
8 Apr 2021,0.7400,0.7450,0.7350,0.7350,0.6048,"2,874,800"
7 Apr 2021,0.7400,0.7400,0.7350,0.7400,0.6089,"2,539,900"
6 Apr 2021,0.7400,0.7400,0.7300,0.7400,0.6089,"1,760,000"
5 Apr 2021,0.7350,0.7400,0.7300,0.7400,0.6089,"1,568,500"
1 Apr 2021,0.7300,0.7350,0.7300,0.7350,0.6048,"1,255,000"
31 Mar 2021,0.7400,0.7400,0.7250,0.7300,0.6007,"3,296,000"
30 Mar 2021,0.7350,0.7400,0.7300,0.7400,0.6089,"2,195,800"
29 Mar 2021,0.7300,0.7350,0.7250,0.7350,0.6048,"1,787,600"
26 Mar 2021,0.7150,0.7300,0.7150,0.7250,0.5966,"2,043,100"
25 Mar 2021,0.7150,0.7200,0.7150,0.7150,0.5884,"2,064,400"
24 Mar 2021,0.7150,0.7200,0.7100,0.7200,0.5925,"2,143,800"
23 Mar 2021,0.7150,0.7200,0.7100,0.7150,0.5884,"1,323,100"
22 Mar 2021,0.7200,0.7250,0.7150,0.7200,0.5925,"1,646,200"
19 Mar 2021,0.7050,0.7200,0.7050,0.7200,0.5925,"4,078,000"
18 Mar 2021,0.7100,0.7100,0.7000,0.7100,0.5843,"1,670,300"
17 Mar 2021,0.7150,0.7150,0.7000,0.7050,0.5801,"1,925,000"
16 Mar 2021,0.7100,0.7150,0.7050,0.7150,0.5884,"1,305,100"
15 Mar 2021,0.6950,0.7100,0.6950,0.7050,0.5801,"1,965,300"
12 Mar 2021,0.6900,0.7000,0.6900,0.6950,0.5719,"2,027,700"
11 Mar 2021,0.6900,0.7050,0.6850,0.7000,0.5760,"1,639,700"
10 Mar 2021,0.6900,0.6950,0.6800,0.6900,0.5678,"2,218,200"
9 Mar 2021,0.6750,0.6950,0.6750,0.6950,0.5719,"2,644,200"
8 Mar 2021,0.7050,0.7100,0.6900,0.6900,0.5678,"1,671,200"
5 Mar 2021,0.6900,0.7050,0.6850,0.7050,0.5801,"3,649,100"
4 Mar 2021,0.6750,0.7000,0.6700,0.6950,0.5719,"4,334,500"
3 Mar 2021,0.6750,0.6750,0.6650,0.6750,0.5555,"1,357,100"
2 Mar 2021,0.6550,0.6700,0.6550,0.6700,0.5513,"3,316,700"
1 Mar 2021,0.6600,0.6600,0.6450,0.6450,0.5308,"4,890,700"
26 Feb 2021,0.6650,0.6750,0.6550,0.6600,0.5431,"7,555,300"
25 Feb 2021,0.6700,0.6750,0.6650,0.6700,0.5513,"4,994,900"
24 Feb 2021,0.6700,0.6750,0.6650,0.6650,0.5472,"5,740,700"
23 Feb 2021,0.6800,0.6850,0.6700,0.6700,0.5513,"7,079,300"
22 Feb 2021,0.6900,0.6900,0.6850,0.6850,0.5637,"2,645,500"
19 Feb 2021,0.6900,0.6900,0.6800,0.6900,0.5678,"4,721,900"
18 Feb 2021,0.7000,0.7000,0.6850,0.6850,0.5637,"7,305,600"
17 Feb 2021,0.6950,0.7050,0.6950,0.7000,0.5760,"4,014,100"
16 Feb 2021,0.0259 Dividend,,,,,
16 Feb 2021,0.7050,0.7100,0.6900,0.6950,0.5719,"12,787,800"
15 Feb 2021,0.7200,0.7300,0.7150,0.7200,0.5712,"26,893,900"
11 Feb 2021,0.7200,0.7200,0.7100,0.7200,0.5712,"3,166,300"
10 Feb 2021,0.7150,0.7200,0.7100,0.7150,0.5672,"4,932,300"
9 Feb 2021,0.7150,0.7200,0.7050,0.7150,0.5672,"6,555,300"
8 Feb 2021,0.7200,0.7200,0.7100,0.7100,0.5632,"9,628,400"
5 Feb 2021,0.7200,0.7250,0.7100,0.7200,0.5712,"23,657,600"
4 Feb 2021,0.7450,0.7450,0.7200,0.7200,0.5712,"15,833,100"
3 Feb 2021,0.7450,0.7500,0.7400,0.7400,0.5870,"4,909,700"
2 Feb 2021,0.7400,0.7450,0.7350,0.7450,0.5910,"2,091,300"
1 Feb 2021,0.7300,0.7400,0.7250,0.7350,0.5831,"2,853,700"
29 Jan 2021,0.7450,0.7450,0.7350,0.7350,0.5831,"4,085,300"
28 Jan 2021,0.7350,0.7450,0.7350,0.7450,0.5910,"2,127,500"
27 Jan 2021,0.7450,0.7450,0.7350,0.7400,0.5870,"5,247,500"
26 Jan 2021,0.7450,0.7450,0.7400,0.7450,0.5910,"2,410,000"
25 Jan 2021,0.7500,0.7600,0.7400,0.7450,0.5910,"7,115,100"
22 Jan 2021,0.7500,0.7550,0.7450,0.7450,0.5910,"1,871,700"
21 Jan 2021,0.7450,0.7450,0.7400,0.7400,0.5870,"4,115,000"
20 Jan 2021,0.7450,0.7450,0.7400,0.7450,0.5910,"4,673,000"
19 Jan 2021,0.7400,0.7450,0.7400,0.7400,0.5870,"7,080,200"
18 Jan 2021,0.7700,0.7750,0.7400,0.7450,0.5910,"10,417,700"
15 Jan 2021,0.7450,0.7950,0.7450,0.7700,0.6108,"8,150,800"
14 Jan 2021,0.7450,0.7500,0.7400,0.7450,0.5910,"3,644,000"
13 Jan 2021,0.7400,0.7450,0.7400,0.7450,0.5910,"2,852,400"
12 Jan 2021,0.7450,0.7500,0.7400,0.7400,0.5870,"2,420,200"
11 Jan 2021,0.7450,0.7500,0.7400,0.7400,0.5870,"3,220,700"
8 Jan 2021,0.7400,0.7450,0.7400,0.7400,0.5870,"2,749,300"
7 Jan 2021,0.7450,0.7450,0.7350,0.7400,0.5870,"3,826,200"
6 Jan 2021,0.7450,0.7450,0.7400,0.7450,0.5910,"1,639,200"
5 Jan 2021,0.7400,0.7450,0.7400,0.7450,0.5910,"1,154,200"
4 Jan 2021,0.7450,0.7450,0.7400,0.7450,0.5910,"717,500"
31 Dec 2020,0.7450,0.7450,0.7400,0.7450,0.5910,"985,500"
30 Dec 2020,0.7450,0.7450,0.7400,0.7450,0.5910,"2,464,700"
29 Dec 2020,0.7450,0.7550,0.7450,0.7550,0.5989,"846,800"
28 Dec 2020,0.7500,0.7550,0.7450,0.7450,0.5910,"1,866,700"
24 Dec 2020,0.7400,0.7500,0.7400,0.7450,0.5910,"946,400"
23 Dec 2020,0.7400,0.7450,0.7400,0.7450,0.5910,"973,000"
22 Dec 2020,0.7400,0.7450,0.7400,0.7450,0.5910,"1,046,200"
21 Dec 2020,0.7450,0.7500,0.7400,0.7450,0.5910,"2,367,300"
18 Dec 2020,0.7450,0.7450,0.7400,0.7400,0.5870,"4,207,700"
17 Dec 2020,0.7450,0.7450,0.7400,0.7450,0.5910,"3,075,100"
16 Dec 2020,0.7450,0.7500,0.7450,0.7500,0.5950,"3,572,300"
15 Dec 2020,0.7500,0.7500,0.7450,0.7500,0.5950,"1,539,300"
14 Dec 2020,0.7500,0.7550,0.7450,0.7500,0.5950,"4,199,300"
11 Dec 2020,0.7450,0.7500,0.7400,0.7450,0.5910,"3,410,200"
10 Dec 2020,0.7450,0.7500,0.7400,0.7450,0.5910,"2,733,600"
9 Dec 2020,0.7500,0.7500,0.7400,0.7500,0.5950,"1,983,500"
8 Dec 2020,0.7450,0.7500,0.7400,0.7500,0.5950,"2,169,500"
7 Dec 2020,0.7500,0.7500,0.7400,0.7500,0.5950,"3,236,400"
4 Dec 2020,0.7450,0.7550,0.7400,0.7450,0.5910,"7,095,700"
3 Dec 2020,0.7500,0.7500,0.7400,0.7400,0.5870,"1,513,500"
2 Dec 2020,0.7400,0.7500,0.7400,0.7500,0.5950,"1,606,100"
1 Dec 2020,0.7450,0.7500,0.7350,0.7450,0.5910,"1,526,000"
30 Nov 2020,0.7500,0.7550,0.7350,0.7450,0.5910,"3,854,700"
27 Nov 2020,0.7500,0.7500,0.7400,0.7450,0.5910,"1,400,700"
26 Nov 2020,0.7500,0.7550,0.7400,0.7450,0.5910,"902,400"
25 Nov 2020,0.7500,0.7550,0.7500,0.7500,0.5950,"1,701,100"
24 Nov 2020,0.7450,0.7500,0.7400,0.7450,0.5910,"2,081,900"
23 Nov 2020,0.7350,0.7450,0.7350,0.7450,0.5910,"2,133,800"
20 Nov 2020,0.7350,0.7450,0.7350,0.7350,0.5831,"1,580,400"
19 Nov 2020,0.7350,0.7350,0.7250,0.7350,0.5831,"5,748,300"
18 Nov 2020,0.7350,0.7450,0.7300,0.7350,0.5831,"3,642,900"
17 Nov 2020,0.7400,0.7450,0.7300,0.7350,0.5831,"3,224,900"
16 Nov 2020,0.7500,0.7500,0.7350,0.7350,0.5831,"2,294,500"
13 Nov 2020,0.7500,0.7500,0.7350,0.7500,0.5950,"2,597,800"
12 Nov 2020,0.7600,0.7650,0.7500,0.7650,0.6069,"1,468,200"
11 Nov 2020,0.7650,0.7700,0.7350,0.7600,0.6029,"2,541,000"
10 Nov 2020,0.7400,0.7700,0.7400,0.7650,0.6069,"6,024,000"
9 Nov 2020,0.7350,0.7400,0.7250,0.7250,0.5751,"1,718,500"
6 Nov 2020,0.7300,0.7400,0.7250,0.7300,0.5791,"1,506,400"
5 Nov 2020,0.7300,0.7700,0.7250,0.7400,0.5870,"8,807,300"
4 Nov 2020,0.7150,0.7400,0.7100,0.7400,0.5870,"3,395,600"
3 Nov 2020,0.7150,0.7250,0.7050,0.7100,0.5632,"2,896,600"
2 Nov 2020,0.7150,0.7200,0.7050,0.7150,0.5672,"1,876,900"
30 Oct 2020,0.7200,0.7200,0.7050,0.7150,0.5672,"1,881,800"
29 Oct 2020,0.7200,0.7250,0.7050,0.7200,0.5712,"3,661,200"
28 Oct 2020,0.7100,0.7350,0.7050,0.7200,0.5712,"1,804,100"
27 Oct 2020,0.7200,0.7250,0.7000,0.7050,0.5593,"3,060,000"
26 Oct 2020,0.7400,0.7400,0.7100,0.7200,0.5712,"4,242,400"
23 Oct 2020,0.7250,0.7450,0.7250,0.7450,0.5910,"2,401,400"
22 Oct 2020,0.7350,0.7350,0.7250,0.7300,0.5791,"1,132,200"
21 Oct 2020,0.7250,0.7350,0.7200,0.7300,0.5791,"4,091,463"
20 Oct 2020,0.7350,0.7350,0.7250,0.7250,0.5751,"2,836,800"
19 Oct 2020,0.7450,0.7450,0.7300,0.7300,0.5791,"2,580,900"
16 Oct 2020,0.7500,0.7500,0.7400,0.7400,0.5870,"2,482,600"
15 Oct 2020,0.7400,0.7550,0.7400,0.7500,0.5950,"2,134,400"
14 Oct 2020,0.7550,0.7550,0.7400,0.7500,0.5950,"2,938,700"
13 Oct 2020,0.7400,0.7550,0.7350,0.7500,0.5950,"2,075,500"
12 Oct 2020,0.7400,0.7400,0.7350,0.7400,0.5870,"927,500"
9 Oct 2020,0.7350,0.7400,0.7350,0.7350,0.5831,"886,800"
8 Oct 2020,0.7400,0.7450,0.7300,0.7300,0.5791,"1,896,900"
7 Oct 2020,0.7400,0.7500,0.7350,0.7350,0.5831,"2,227,100"
6 Oct 2020,0.7450,0.7550,0.7400,0.7400,0.5870,"1,845,600"
5 Oct 2020,0.7450,0.7500,0.7350,0.7450,0.5910,"1,182,800"
2 Oct 2020,0.7400,0.7500,0.7350,0.7450,0.5910,"1,428,800"
1 Oct 2020,0.7400,0.7500,0.7300,0.7350,0.5831,"2,771,600"
30 Sept 2020,0.7500,0.7550,0.7400,0.7400,0.5870,"1,756,000"
29 Sept 2020,0.7650,0.7700,0.7450,0.7450,0.5910,"2,236,300"
28 Sept 2020,0.7450,0.7700,0.7400,0.7700,0.6108,"1,268,800"
25 Sept 2020,0.7500,0.7550,0.7350,0.7450,0.5910,"1,700,000"
24 Sept 2020,0.7600,0.7650,0.7450,0.7450,0.5910,"882,200"
23 Sept 2020,0.7600,0.7650,0.7500,0.7650,0.6069,"2,148,300"
22 Sept 2020,0.7750,0.7750,0.7550,0.7700,0.6108,"1,574,200"
21 Sept 2020,0.7750,0.7850,0.7700,0.7750,0.6148,"831,000"
18 Sept 2020,0.7700,0.7900,0.7600,0.7850,0.6227,"8,297,000"
17 Sept 2020,0.7900,0.7900,0.7700,0.7750,0.6148,"1,433,900"
16 Sept 2020,0.7700,0.7900,0.7700,0.7850,0.6227,"2,600,900"
15 Sept 2020,0.7650,0.7750,0.7600,0.7750,0.6148,"1,265,300"
14 Sept 2020,0.7600,0.7750,0.7550,0.7700,0.6108,"1,847,000"
11 Sept 2020,0.7650,0.7650,0.7550,0.7550,0.5989,"1,779,000"
10 Sept 2020,0.7600,0.7650,0.7500,0.7650,0.6069,"1,754,400"
9 Sept 2020,0.7400,0.7550,0.7400,0.7550,0.5989,"2,555,300"
8 Sept 2020,0.7400,0.7450,0.7350,0.7400,0.5870,"839,900"
7 Sept 2020,0.7400,0.7450,0.7350,0.7450,0.5910,"995,000"
4 Sept 2020,0.7400,0.7450,0.7400,0.7450,0.5910,"2,594,100"
3 Sept 2020,0.7450,0.7450,0.7350,0.7400,0.5870,"1,193,400"
2 Sept 2020,0.7500,0.7550,0.7400,0.7400,0.5870,"2,015,800"
1 Sept 2020,0.7450,0.7450,0.7350,0.7450,0.5910,"1,389,800"
31 Aug 2020,0.7500,0.7500,0.7400,0.7450,0.5910,"2,250,500"
28 Aug 2020,0.7400,0.7500,0.7350,0.7400,0.5870,"1,517,800"
27 Aug 2020,0.7450,0.7450,0.7300,0.7400,0.5870,"2,738,900"
26 Aug 2020,0.7500,0.7550,0.7400,0.7450,0.5910,"1,453,500"
25 Aug 2020,0.7450,0.7550,0.7400,0.7450,0.5910,"1,583,600"
24 Aug 2020,0.7450,0.7500,0.7350,0.7350,0.5831,"1,524,000"
21 Aug 2020,0.7300,0.7450,0.7250,0.7450,0.5910,"1,951,200"
20 Aug 2020,0.7300,0.7400,0.7000,0.7200,0.5712,"6,202,300"
19 Aug 2020,0.7400,0.7400,0.7250,0.7250,0.5751,"4,057,700"
18 Aug 2020,0.7500,0.7600,0.7350,0.7350,0.5831,"2,904,800"
17 Aug 2020,0.7500,0.7600,0.7400,0.7550,0.5989,"1,395,300"
14 Aug 2020,0.7250,0.7550,0.7200,0.7500,0.5950,"3,523,500"
13 Aug 2020,0.7300,0.7450,0.7250,0.7250,0.5751,"4,267,000"
12 Aug 2020,0.7500,0.7550,0.7250,0.7300,0.5791,"4,904,800"
11 Aug 2020,0.0305 Dividend,,,,,
11 Aug 2020,0.7700,0.7800,0.7450,0.7450,0.5910,"4,842,900"
7 Aug 2020,0.8000,0.8050,0.7800,0.7850,0.5985,"4,027,100"
6 Aug 2020,0.8000,0.8050,0.7900,0.7950,0.6062,"3,215,800"
5 Aug 2020,0.7950,0.8000,0.7850,0.7950,0.6062,"3,308,100"
4 Aug 2020,0.7850,0.7950,0.7800,0.7950,0.6062,"3,027,000"
3 Aug 2020,0.7900,0.8050,0.7700,0.7750,0.5909,"8,077,800"
30 Jul 2020,0.7550,0.7700,0.7400,0.7700,0.5871,"3,805,200"
29 Jul 2020,0.7350,0.7500,0.7250,0.7500,0.5719,"3,311,500"
28 Jul 2020,0.7250,0.7450,0.7200,0.7350,0.5604,"1,576,000"
27 Jul 2020,0.7250,0.7300,0.7100,0.7250,0.5528,"1,332,400"
24 Jul 2020,0.7400,0.7450,0.7250,0.7250,0.5528,"1,475,800"
23 Jul 2020,0.7250,0.7550,0.7200,0.7450,0.5680,"4,538,400"
22 Jul 2020,0.7150,0.7200,0.7150,0.7150,0.5452,"1,883,100"
21 Jul 2020,0.7000,0.7250,0.7000,0.7200,0.5490,"3,275,800"
20 Jul 2020,0.7100,0.7100,0.6850,0.7000,0.5337,"2,875,000"
17 Jul 2020,0.7050,0.7150,0.6950,0.7050,0.5375,"4,955,600"
16 Jul 2020,0.7150,0.7200,0.7000,0.7000,0.5337,"4,903,300"
15 Jul 2020,0.7250,0.7300,0.7150,0.7200,0.5490,"3,534,200"
14 Jul 2020,0.7500,0.7500,0.7100,0.7200,0.5490,"5,808,100"
13 Jul 2020,0.7550,0.7600,0.7400,0.7450,0.5680,"2,880,900"
9 Jul 2020,0.7800,0.7800,0.7350,0.7550,0.5757,"5,385,400"
8 Jul 2020,0.7800,0.7800,0.7700,0.7750,0.5909,"883,200"
7 Jul 2020,0.7900,0.8000,0.7650,0.7750,0.5909,"1,981,100"
6 Jul 2020,0.7800,0.8000,0.7750,0.7900,0.6024,"1,291,700"
3 Jul 2020,0.7700,0.7900,0.7600,0.7750,0.5909,"984,600"
2 Jul 2020,0.7550,0.7750,0.7500,0.7700,0.5871,"1,378,500"
1 Jul 2020,0.7600,0.7650,0.7450,0.7550,0.5757,"1,948,700"
30 Jun 2020,0.7550,0.7650,0.7550,0.7550,0.5757,"1,359,900"
29 Jun 2020,0.7600,0.7650,0.7500,0.7500,0.5719,"2,245,600"
26 Jun 2020,0.7750,0.7750,0.7600,0.7600,0.5795,"1,742,500"
25 Jun 2020,0.7600,0.7650,0.7550,0.7650,0.5833,"2,454,700"
24 Jun 2020,0.7650,0.7750,0.7600,0.7700,0.5871,"3,723,500"
23 Jun 2020,0.7600,0.7650,0.7550,0.7600,0.5795,"2,157,100"
22 Jun 2020,0.7550,0.7600,0.7550,0.7600,0.5795,"666,200"
19 Jun 2020,0.7900,0.7900,0.7550,0.7600,0.5795,"6,575,300"
18 Jun 2020,0.7900,0.7950,0.7800,0.7900,0.6024,"23,021,200"
17 Jun 2020,0.8000,0.8000,0.7800,0.7900,0.6024,"787,100"
16 Jun 2020,0.7850,0.8000,0.7800,0.7900,0.6024,"1,620,100"
15 Jun 2020,0.7550,0.7800,0.7450,0.7750,0.5909,"6,515,300"
12 Jun 2020,0.7600,0.7750,0.7500,0.7550,0.5757,"9,867,500"
11 Jun 2020,0.8400,0.8400,0.7700,0.7800,0.5947,"5,335,600"
10 Jun 2020,0.8300,0.8500,0.8250,0.8400,0.6405,"2,513,300"
9 Jun 2020,0.8500,0.8550,0.8200,0.8300,0.6329,"5,387,100"
8 Jun 2020,0.8300,0.8500,0.8250,0.8500,0.6481,"4,539,400"
5 Jun 2020,0.8200,0.8300,0.8150,0.8250,0.6290,"980,200"
4 Jun 2020,0.8300,0.8300,0.8150,0.8200,0.6252,"1,932,300"
3 Jun 2020,0.8300,0.8500,0.8300,0.8400,0.6405,"2,571,400"
2 Jun 2020,0.8150,0.8450,0.8050,0.8300,0.6329,"3,128,900"
1 Jun 2020,0.8050,0.8200,0.7950,0.8100,0.6176,"3,038,600"
29 May 2020,0.7500,0.8400,0.7350,0.8300,0.6329,"14,638,500"
28 May 2020,0.7300,0.7500,0.7250,0.7500,0.5719,"3,225,000"
27 May 2020,0.7200,0.7250,0.7100,0.7250,0.5528,"1,837,800"
26 May 2020,0.7050,0.7200,0.7050,0.7200,0.5490,"2,216,000"
22 May 2020,0.7250,0.7250,0.7050,0.7150,0.5452,"2,933,100"
21 May 2020,0.7150,0.7400,0.7100,0.7250,0.5528,"3,785,100"
20 May 2020,0.7100,0.7150,0.7050,0.7100,0.5414,"1,336,100"
19 May 2020,0.7050,0.7200,0.7050,0.7150,0.5452,"2,276,400"
18 May 2020,0.7000,0.7000,0.6950,0.6950,0.5299,"977,200"
15 May 2020,0.7050,0.7150,0.6900,0.7000,0.5337,"2,195,300"
14 May 2020,0.7100,0.7150,0.6950,0.7000,0.5337,"1,868,700"
13 May 2020,0.7150,0.7200,0.7100,0.7200,0.5490,"1,778,000"
12 May 2020,0.7200,0.7350,0.7150,0.7200,0.5490,"3,919,100"
11 May 2020,0.7150,0.7300,0.7100,0.7300,0.5566,"3,779,900"
8 May 2020,0.7100,0.7200,0.7050,0.7050,0.5375,"2,948,200"
6 May 2020,0.7050,0.7050,0.6950,0.7000,0.5337,"2,847,900"
5 May 2020,0.7000,0.7100,0.6900,0.7050,0.5375,"2,106,500"
4 May 2020,0.7150,0.7150,0.6900,0.7050,0.5375,"4,062,300"
30 Apr 2020,0.7100,0.7400,0.7050,0.7250,0.5528,"11,569,400"
29 Apr 2020,0.7150,0.7150,0.6950,0.7050,0.5375,"6,369,700"
28 Apr 2020,0.7150,0.7200,0.7050,0.7100,0.5414,"1,491,300"
27 Apr 2020,0.6900,0.7100,0.6900,0.7000,0.5337,"1,297,900"
24 Apr 2020,0.7000,0.7050,0.6800,0.6800,0.5185,"1,308,500"
23 Apr 2020,0.7000,0.7050,0.6900,0.7000,0.5337,"739,602"
22 Apr 2020,0.6800,0.7050,0.6750,0.6950,0.5299,"2,213,000"
21 Apr 2020,0.7150,0.7150,0.6900,0.6900,0.5261,"1,925,400"
20 Apr 2020,0.7300,0.7350,0.7150,0.7150,0.5452,"1,717,500"
17 Apr 2020,0.7300,0.7400,0.7150,0.7250,0.5528,"9,213,500"
16 Apr 2020,0.7200,0.7250,0.7050,0.7100,0.5414,"2,593,500"
15 Apr 2020,0.7400,0.7400,0.7200,0.7250,0.5528,"5,322,700"
14 Apr 2020,0.7200,0.7350,0.7150,0.7300,0.5566,"9,786,600"
13 Apr 2020,0.6950,0.7250,0.6900,0.7150,0.5452,"5,951,900"
9 Apr 2020,0.6850,0.7050,0.6850,0.6950,0.5299,"5,162,500"
8 Apr 2020,0.6850,0.6900,0.6750,0.6750,0.5147,"5,168,900"
7 Apr 2020,0.6800,0.7000,0.6800,0.6900,0.5261,"8,454,500"
6 Apr 2020,0.6850,0.6850,0.6500,0.6650,0.5070,"4,790,200"
3 Apr 2020,0.6700,0.6700,0.6400,0.6650,0.5070,"3,082,900"
2 Apr 2020,0.6800,0.6850,0.6600,0.6700,0.5109,"4,146,900"
1 Apr 2020,0.7150,0.7200,0.6750,0.6950,0.5299,"3,999,200"
31 Mar 2020,0.7250,0.7300,0.7000,0.7250,0.5528,"5,065,500"
30 Mar 2020,0.7100,0.7100,0.6800,0.7000,0.5337,"5,480,100"
27 Mar 2020,0.7400,0.7600,0.7300,0.7500,0.5719,"9,843,400"
26 Mar 2020,0.6850,0.7400,0.6550,0.7350,0.5604,"10,823,500"
25 Mar 2020,0.7250,0.7400,0.6500,0.6900,0.5261,"15,277,700"
24 Mar 2020,0.5750,0.7000,0.5750,0.7000,0.5337,"7,364,000"
23 Mar 2020,0.5850,0.5900,0.5450,0.5550,0.4232,"9,155,300"
20 Mar 2020,0.5750,0.6750,0.5600,0.6400,0.4880,"20,087,300"
19 Mar 2020,0.6500,0.6600,0.5500,0.5650,0.4308,"9,428,000"
18 Mar 2020,0.7000,0.7100,0.6400,0.6500,0.4956,"12,158,300"
17 Mar 2020,0.7300,0.7400,0.6800,0.7000,0.5337,"9,532,700"
16 Mar 2020,0.8450,0.8500,0.7300,0.7500,0.5719,"10,727,000"
13 Mar 2020,0.8100,0.8900,0.7650,0.8900,0.6786,"10,689,900"
12 Mar 2020,0.9400,0.9450,0.8300,0.8750,0.6672,"23,878,300"
11 Mar 2020,0.9750,0.9900,0.9400,0.9450,0.7205,"5,451,500"
10 Mar 2020,0.9750,1.0100,0.9700,0.9950,0.7587,"13,663,900"
9 Mar 2020,1.0000,1.0000,0.9550,0.9800,0.7472,"9,294,400"
6 Mar 2020,1.0300,1.0300,1.0000,1.0200,0.7777,"5,028,100"
5 Mar 2020,1.0000,1.0500,0.9900,1.0500,0.8006,"12,375,600"
4 Mar 2020,0.9700,1.0100,0.9550,1.0000,0.7625,"7,798,500"
3 Mar 2020,0.9500,0.9750,0.9350,0.9700,0.7396,"12,356,400"
2 Mar 2020,0.9500,0.9500,0.9350,0.9400,0.7167,"6,388,800"
28 Feb 2020,0.9850,0.9850,0.9150,0.9700,0.7396,"10,445,700"
27 Feb 2020,1.0000,1.0100,0.9950,0.9950,0.7587,"2,154,800"
26 Feb 2020,1.0000,1.0100,1.0000,1.0000,0.7625,"2,921,200"
25 Feb 2020,1.0000,1.0200,0.9950,1.0100,0.7701,"5,828,200"
24 Feb 2020,1.0400,1.0400,1.0200,1.0200,0.7777,"2,261,300"
21 Feb 2020,1.0300,1.0400,1.0300,1.0300,0.7853,"2,611,500"
20 Feb 2020,1.0400,1.0500,1.0300,1.0400,0.7930,"2,508,600"
19 Feb 2020,1.0500,1.0500,1.0300,1.0400,0.7930,"4,196,000"
18 Feb 2020,1.0500,1.0500,1.0300,1.0400,0.7930,"3,375,800"
17 Feb 2020,1.0500,1.0500,1.0300,1.0500,0.8006,"2,934,700"
14 Feb 2020,1.0500,1.0600,1.0400,1.0500,0.8006,"3,658,500"
13 Feb 2020,1.0200,1.0500,1.0100,1.0500,0.8006,"7,236,000"
12 Feb 2020,0.01 Dividend,,,,,
12 Feb 2020,1.0300,1.0500,1.0300,1.0300,0.7853,"5,378,200"
11 Feb 2020,1.0500,1.0600,1.0400,1.0400,0.7853,"1,862,200"
10 Feb 2020,1.0500,1.0500,1.0400,1.0500,0.7929,"2,370,900"
7 Feb 2020,1.0700,1.0800,1.0400,1.0500,0.7929,"7,121,400"
6 Feb 2020,1.0500,1.0800,1.0500,1.0700,0.8080,"8,729,200"
5 Feb 2020,1.0700,1.0700,1.0300,1.0400,0.7853,"8,558,000"
4 Feb 2020,1.0400,1.0700,1.0300,1.0700,0.8080,"6,641,000"
3 Feb 2020,1.0300,1.0600,1.0200,1.0300,0.7778,"18,357,200"
31 Jan 2020,1.0500,1.0800,1.0400,1.0600,0.8005,"15,913,700"
30 Jan 2020,1.0200,1.0800,1.0200,1.0500,0.7929,"17,566,000"
29 Jan 2020,1.0100,1.0200,1.0000,1.0200,0.7702,"2,230,400"
28 Jan 2020,1.0100,1.0100,0.9900,1.0000,0.7551,"6,676,700"
24 Jan 2020,1.0100,1.0200,1.0000,1.0200,0.7702,"1,138,500"
23 Jan 2020,1.0100,1.0200,1.0000,1.0200,0.7702,"4,021,100"
22 Jan 2020,1.0000,1.0300,1.0000,1.0100,0.7627,"3,792,400"
21 Jan 2020,1.0200,1.0300,1.0100,1.0200,0.7702,"5,616,900"
20 Jan 2020,0.9900,1.0200,0.9900,1.0200,0.7702,"3,391,900"
17 Jan 2020,0.9900,0.9950,0.9850,0.9900,0.7476,"3,537,900"
16 Jan 2020,0.9900,0.9950,0.9850,0.9850,0.7438,"3,841,500"
15 Jan 2020,0.9800,0.9900,0.9800,0.9900,0.7476,"3,198,900"
14 Jan 2020,0.9800,0.9850,0.9800,0.9800,0.7400,"914,200"
13 Jan 2020,0.9850,0.9900,0.9800,0.9800,0.7400,"5,638,300"
10 Jan 2020,0.9850,0.9850,0.9800,0.9850,0.7438,"1,758,700"
9 Jan 2020,0.9900,0.9900,0.9800,0.9850,0.7438,"2,006,400"
8 Jan 2020,0.9900,0.9900,0.9800,0.9850,0.7438,"2,046,800"
7 Jan 2020,0.9950,0.9950,0.9850,0.9900,0.7476,"3,543,400"
6 Jan 2020,0.9900,1.0000,0.9850,0.9950,0.7514,"4,292,900"
3 Jan 2020,1.0000,1.0000,0.9900,0.9950,0.7514,"2,342,800"
2 Jan 2020,1.0000,1.0000,0.9900,0.9950,0.7514,"1,428,600"
31 Dec 2019,0.9950,1.0000,0.9950,1.0000,0.7551,"2,730,500"
